Iteration,agencyRevenue_217,agentHoursOnCrowdedTransit,averageMTWaitingTimeInSec,averageOnDemandRideWaitTimeInSec,averageTripExpenditure,averageTripExpenditure_Home,averageTripExpenditure_Secondary,averageTripExpenditure_Work,averageVehicleDelayPerMotorizedLeg_home,averageVehicleDelayPerMotorizedLeg_secondary,averageVehicleDelayPerMotorizedLeg_work,averageVehicleDelayPerPassengerTrip,busCrowding,fuelConsumedInMJ_Diesel,fuelConsumedInMJ_Food,fuelConsumedInMJ_Gasoline,motorizedVehicleMilesTraveled_total,numberOfVehicles_BODY-TYPE-DEFAULT,numberOfVehicles_BUS-DEFAULT,numberOfVehicles_BUS-SMALL-HD,numberOfVehicles_BUS-STD-ART,numberOfVehicles_BUS-STD-HD,numberOfVehicles_CAR-TYPE-DEFAULT,personTravelTime_car,personTravelTime_drive_transit,personTravelTime_onDemandRide,personTravelTime_others,personTravelTime_walk,personTravelTime_walk_transit,tollRevenue,totalCost_bike,totalCost_car,totalCost_drive_transit,totalCost_onDemandRide,totalCost_onDemandRide_transit,totalCost_transit,totalCost_walk,totalCost_walk_transit,totalHoursOfVehicleTrafficDelay,totalIncentive_bike,totalIncentive_car,totalIncentive_drive_transit,totalIncentive_onDemandRide,totalIncentive_onDemandRide_transit,totalIncentive_transit,totalIncentive_walk,totalIncentive_walk_transit,totalToll_bike,totalToll_car,totalToll_drive_transit,totalToll_onDemandRide,totalToll_onDemandRide_transit,totalToll_transit,totalToll_walk,totalToll_walk_transit,vehicleHoursTraveled_BODY-TYPE-DEFAULT,vehicleHoursTraveled_BUS-DEFAULT,vehicleHoursTraveled_BUS-SMALL-HD,vehicleHoursTraveled_BUS-STD-ART,vehicleHoursTraveled_BUS-STD-HD,vehicleHoursTraveled_CAR-TYPE-DEFAULT,vehicleMilesTraveled_BODY-TYPE-DEFAULT,vehicleMilesTraveled_BUS-DEFAULT,vehicleMilesTraveled_BUS-SMALL-HD,vehicleMilesTraveled_BUS-STD-ART,vehicleMilesTraveled_BUS-STD-HD,vehicleMilesTraveled_CAR-TYPE-DEFAULT
0,2633.25,50.036944444444444,324.6135093956323,1.4093830749354037,0.29626179263878044,1.4171155153571717,1.4086575630451967,0.5251179172110115,971.71612673659,748.3761769270741,644.7932744782984,856.6581028939721,84.91581431943352,146953.95255800043,1240.1354650224312,377950.98704499064,68791.35200101079,15000.0,255.0,0,0,0,12089.0,537999.0666666667,19947.3,10922.733333333334,169491.6,71131.5,107950.61666666667,0.0,0.0,0.47199523293792384,1.0825892857142858,4.601839409373153,0.0,0.0,0.0,1.142174131857071,3680.0604336820215,0.0,0.0,0.0,0.0,0.0,0.0,0.0,0.0,0.0,0.0,0.0,0.0,0.0,0.0,0.0,0.0,4860.6725,157.43333333333334,0.0,0.0,0.0,9459.129444444445,14539.329285706937,4554.716314349363,0.0,0.0,0.0,64236.63568666182
1,2707.5,52.72666666666667,325.1495280675609,1.692268694550062,0.3060228448900358,1.5344948428491305,1.4524137916717808,0.555129112076852,1126.3173405001994,830.0647604115933,837.9174764960176,974.6240304612245,87.84065505588771,146953.9525580004,1272.0804486315958,378161.61058273277,68827.1496253716,15000.0,255.0,0,0,0,12009.0,591155.6833333333,19834.333333333332,11658.233333333334,176985.78333333333,70540.73333333334,110346.71666666666,0.0,0.0,0.4910185229311523,1.1029411764705883,4.775480968785468,0.0,0.0,0.0,1.1486321446018564,4548.786933280415,0.0,0.0,0.0,0.0,0.0,0.0,0.0,0.0,0.0,0.0,0.0,0.0,0.0,0.0,0.0,0.0,4990.73,157.43333333333334,0.0,0.0,0.0,10349.240833333333,14913.85178653049,4554.716314349363,0.0,0.0,0.0,64272.4333110226
2,2964.0,47.96138888888889,323.6512219959267,1.4372501611863349,0.30749305384138775,1.4582882016864913,1.4026078448691042,0.5634675730558831,1005.7958178302617,737.7998386019249,790.0375304608136,862.4896891508087,82.13873499538319,157335.2091080481,1174.4311742450664,381285.3255725458,69358.05693522787,15000.0,112.0,23.0,81.0,39.0,12053.0,562456.1666666666,25400.866666666665,11054.766666666666,154423.9,58963.61666666667,118203.71666666666,0.0,0.0,0.4830229981890728,1.099264705882353,4.6516581009546725,0.0,0.0,0.0,1.1475821167883211,4027.1081069266506,0.0,0.0,0.0,0.0,0.0,0.0,0.0,0.0,0.0,0.0,0.0,0.0,0.0,0.0,0.0,0.0,4611.454444444445,64.81666666666666,8.816666666666666,52.733333333333334,31.066666666666666,9884.718055555555,13769.01318231371,2792.174328349748,196.79508475442884,1034.6605333378034,531.0863679073872,64803.340620878924
3,2997.0,48.14555555555555,321.93172690763055,1.462939453125001,0.3062702143747708,1.441439808325386,1.4335607653243878,0.5524915327202715,1085.817528138469,872.5738936306594,863.2241989042399,971.4670412560828,81.8870186765045,157335.2091080481,1188.2985762298513,379367.53725651815,69032.1091970188,15000.0,112.0,23.0,81.0,39.0,12034.0,595321.2833333333,25749.566666666666,10951.6,154836.16666666666,59139.01666666667,118457.78333333334,0.0,0.0,0.48082795929575867,1.099264705882353,4.660785129920214,0.0,0.0,0.0,1.1621067031463748,4561.037758697308,0.0,0.0,0.0,0.0,0.0,0.0,0.0,0.0,0.0,0.0,0.0,0.0,0.0,0.0,0.0,0.0,4668.661388888889,64.81666666666666,8.816666666666666,52.733333333333334,31.066666666666666,10417.687777777777,13931.594391770903,2792.174328349748,196.79508475442884,1034.6605333378034,531.0863679073872,64477.3928826703
4,3095.25,49.15472222222222,322.11767578125,1.3844298245614086,0.30432654559795147,1.3975269578898772,1.409169792388649,0.5561562992273226,1326.6768903474936,767.6590160427503,768.6338799704189,1031.2170843254469,83.30595813204509,157335.20910804812,1224.9654515015925,377751.0698765117,68757.37403360353,15000.0,112.0,23.0,81.0,39.0,11984.0,595572.2,23592.766666666666,10485.516666666666,161127.7,62939.48333333333,120244.53333333334,0.0,0.0,0.4800618455615684,1.120347394540943,4.635585791354342,0.0,0.0,0.0,1.1554851398601398,4596.077255000499,0.0,0.0,0.0,0.0,0.0,0.0,0.0,0.0,0.0,0.0,0.0,0.0,0.0,0.0,0.0,0.0,4811.406944444445,64.81666666666666,8.816666666666666,52.733333333333334,31.066666666666666,10405.956666666667,14361.476278459775,2792.174328349748,196.79508475442884,1034.6605333378034,531.0863679073872,64202.65771925439
5,3081.75,47.413333333333334,325.05027652086477,1.6528576317590686,0.30753057474312534,1.4864723693129052,1.3795743113315497,0.5389377103861225,1346.6824899847297,907.668043203268,880.3076966129317,1122.3961428969656,80.55348202093764,157335.20910804812,1194.2706707551583,381190.25685789715,69341.89903487249,15000.0,112.0,23.0,81.0,39.0,12052.0,643902.8833333333,26742.566666666666,10922.683333333334,158401.08333333334,59240.48333333333,117699.85,0.0,0.0,0.48863858289893025,1.1366150442477876,4.765281975749006,0.0,0.0,0.0,1.1598915989159893,5381.57772848459,0.0,0.0,0.0,0.0,0.0,0.0,0.0,0.0,0.0,0.0,0.0,0.0,0.0,0.0,0.0,0.0,4690.005,64.81666666666666,8.816666666666666,52.733333333333334,31.066666666666666,11257.573055555555,14001.611136939298,2792.174328349748,196.79508475442884,1034.6605333378034,531.0863679073872,64787.18272052318
6,2997.75,47.35944444444444,326.03098450774615,1.3870460440985752,0.30461974400355013,1.423499194371906,1.3928027368770743,0.5573072099856952,1032.9623861883342,726.1909380958565,746.801668591258,871.3117910680068,81.37329637329637,157335.20910804815,1173.340254709405,379595.4205405638,69070.84029178614,15000.0,112.0,23.0,81.0,39.0,12024.0,557319.1166666667,24871.416666666668,10820.05,151488.46666666667,59230.433333333334,120150.5,0.0,0.0,0.48137555100178686,1.0904255319148937,4.549680427919368,0.0,0.0,0.0,1.1466998191681737,4006.5820525943845,0.0,0.0,0.0,0.0,0.0,0.0,0.0,0.0,0.0,0.0,0.0,0.0,0.0,0.0,0.0,0.0,4607.7636111111115,64.81666666666666,8.816666666666666,52.733333333333334,31.066666666666666,9784.506111111112,13756.223258308975,2792.174328349748,196.79508475442884,1034.6605333378034,531.0863679073872,64516.12397743716
7,3012.75,48.64888888888889,323.2379533035271,1.695663430420712,0.30501622501399056,1.4280542802650364,1.4025077624288773,0.533853334026879,1091.1331999084412,773.7339111024788,809.2127283567572,922.4132357225425,83.27749654855039,157335.20910804815,1190.2044154783168,379207.169741164,69004.85309764968,15000.0,112.0,23.0,81.0,39.0,12006.0,568375.4333333333,24396.716666666667,10867.066666666668,154400.53333333333,60372.75,120046.35,0.0,0.0,0.4908707494055565,1.1010230179028133,4.482805753734303,0.0,0.0,0.0,1.1564039408866995,4152.396916144312,0.0,0.0,0.0,0.0,0.0,0.0,0.0,0.0,0.0,0.0,0.0,0.0,0.0,0.0,0.0,0.0,4673.611666666667,64.81666666666666,8.816666666666666,52.733333333333334,31.066666666666666,9974.1825,13953.93842206478,2792.174328349749,196.79508475442884,1034.6605333378034,531.0863679073871,64450.13678330076
8,3013.5,48.75083333333333,323.9027845627748,1.4927472167649016,0.30566464177225305,1.405203583818478,1.4236032828110032,0.5685197580373127,1201.297634044629,923.9909100010257,847.4163810571702,1057.0288031051778,82.6855504587156,157335.2091080481,1201.4152688091035,379349.82831822353,69029.09938184023,15000.0,112.0,23.0,81.0,39.0,11991.0,637863.8666666667,25238.416666666668,10606.416666666666,152986.36666666667,61008.53333333333,122012.93333333333,0.0,0.0,0.49015406722073895,1.0776869158878504,4.5677400929245335,0.0,0.0,0.0,1.1517373646209386,5244.6245780735235,0.0,0.0,0.0,0.0,0.0,0.0,0.0,0.0,0.0,0.0,0.0,0.0,0.0,0.0,0.0,0.0,4715.261388888889,64.81666666666666,8.816666666666666,52.733333333333334,31.066666666666666,11116.823888888888,14085.374295602256,2792.174328349748,196.79508475442884,1034.6605333378034,531.0863679073871,64474.38306749109
9,2895.0,46.721666666666664,321.1114488348531,1.664798850574712,0.3037054655698743,1.4438366069257689,1.403511208844364,0.5081504743964933,1210.134425396206,751.0891393902925,765.729290736915,978.9995066637371,83.0706354831089,157335.20910804806,1181.2535673494795,379384.70951887744,69035.02779863442,15000.0,112.0,23.0,81.0,39.0,12082.0,593553.8333333334,23509.433333333334,11014.383333333333,155978.63333333333,57823.38333333333,118414.38333333333,0.0,0.0,0.4770211123584623,1.1101583113456464,4.555494118015091,0.0,0.0,0.0,1.135497934832492,4537.662713386421,0.0,0.0,0.0,0.0,0.0,0.0,0.0,0.0,0.0,0.0,0.0,0.0,0.0,0.0,0.0,0.0,4634.389166666667,64.81666666666666,8.816666666666666,52.733333333333334,31.066666666666666,10395.705555555556,13848.998815060511,2792.174328349748,196.79508475442884,1034.6605333378034,531.0863679073872,64480.311484285616
10,3053.25,49.76111111111111,328.0058365758755,1.34128056628057,0.31431653241963314,1.5328945137082812,1.44718758249224,0.5706794703922832,1186.4480013536286,817.3065133488001,798.3678312925723,1002.6984048733291,85.23621683967704,157335.20910804815,1206.6552992398854,380417.5807998025,69210.57483636659,15000.0,112.0,23.0,81.0,39.0,11987.0,593992.0333333333,23122.5,11158.5,158411.28333333333,59937.433333333334,121770.9,0.0,0.0,0.49545101890213195,1.1180738786279683,4.786058302284537,0.0,0.0,0.0,1.1588805641251654,4575.089999569251,0.0,0.0,0.0,0.0,0.0,0.0,0.0,0.0,0.0,0.0,0.0,0.0,0.0,0.0,0.0,0.0,4742.706944444444,64.81666666666666,8.816666666666666,52.733333333333334,31.066666666666666,10391.973055555556,14146.80833248687,2792.174328349748,196.79508475442884,1034.6605333378034,531.0863679073872,64655.85852201747
11,3017.25,47.94972222222222,322.83251231527095,1.6468477531857808,0.30054453978233564,1.4220985507767006,1.4113779729965317,0.5353876579364983,992.3970738594894,731.5671452108597,724.6998463004534,863.7169951610448,81.88850574712643,157335.20910804803,1192.7385823048523,380698.66587556154,69258.34811974844,15000.0,112.0,23.0,81.0,39.0,12010.0,570748.6833333333,24221.733333333334,10618.333333333334,155704.63333333333,58285.51666666667,121517.28333333334,0.0,0.0,0.4914852874189115,1.1032894736842105,4.562920080596759,0.0,0.0,0.0,1.1526175687666371,4167.434501652041,0.0,0.0,0.0,0.0,0.0,0.0,0.0,0.0,0.0,0.0,0.0,0.0,0.0,0.0,0.0,0.0,4688.521944444445,64.81666666666666,8.816666666666666,52.733333333333334,31.066666666666666,9997.012777777778,13983.64895530504,2792.174328349748,196.79508475442884,1034.6605333378034,531.0863679073872,64703.631805399644
12,3056.25,47.9575,325.88516510596355,1.4378028814669306,0.29958343309085755,1.3606831113797242,1.3823689843330427,0.5446169433290481,853.9628416030953,773.4044931465245,816.7298774055951,808.967969963596,80.37369614512471,157335.20910804815,1179.5010749687556,377094.8949443972,68645.85039295757,15000.0,112.0,23.0,81.0,39.0,12007.0,524327.55,24205.533333333333,10386.283333333333,151496.81666666668,58183.45,122487.05,0.0,0.0,0.4661659317609681,1.1222358722358723,4.426600856177363,0.0,0.0,0.0,1.1532830523513753,3483.95539064322,0.0,0.0,0.0,0.0,0.0,0.0,0.0,0.0,0.0,0.0,0.0,0.0,0.0,0.0,0.0,0.0,4632.636666666666,64.81666666666666,8.816666666666666,52.733333333333334,31.066666666666666,9226.349722222221,13828.452621106151,2792.174328349748,196.79508475442884,1034.6605333378034,531.0863679073872,64091.134078608105
13,3031.5,49.009166666666665,321.5687530803351,1.348307034845501,0.3150006485472186,1.5352038675841704,1.4143778805333864,0.5695820498571292,1115.2963948477818,827.9632862170068,844.79142632854,963.7942116011244,82.64010989010988,157335.20910804812,1183.0117923958987,380858.63657449884,69285.53677611054,15000.0,112.0,23.0,81.0,39.0,12007.0,589358.2,25523.516666666666,11256.35,152044.43333333332,60302.11666666667,120119.5,0.0,0.0,0.49733550799225457,1.0978802992518704,4.89508705026264,0.0,0.0,0.0,1.1450508174988954,4481.375363330895,0.0,0.0,0.0,0.0,0.0,0.0,0.0,0.0,0.0,0.0,0.0,0.0,0.0,0.0,0.0,0.0,4647.906666666667,64.81666666666666,8.816666666666666,52.733333333333334,31.066666666666666,10324.406944444445,13869.612218700126,2792.174328349748,196.79508475442884,1034.6605333378034,531.0863679073872,64730.820461761745
14,3078.75,48.86083333333333,323.63170851797145,1.6018260292164677,0.30863993769024534,1.5052879172981954,1.4330075832897329,0.5470725815267562,1168.7114660869242,783.9558423321791,771.1648269218332,973.0734986393503,82.9876712328767,157335.20910804812,1189.4275934419027,379185.10405193944,69001.10280809239,15000.0,112.0,23.0,81.0,39.0,11983.0,599347.0333333333,25059.6,11195.516666666666,152437.95,60173.65,121890.06666666667,0.0,0.0,0.4793826330933333,1.1294326241134751,4.812763329926026,0.0,0.0,0.0,1.1534368070953436,4660.211163900289,0.0,0.0,0.0,0.0,0.0,0.0,0.0,0.0,0.0,0.0,0.0,0.0,0.0,0.0,0.0,0.0,4674.048333333333,64.81666666666666,8.816666666666666,52.733333333333334,31.066666666666666,10495.281666666666,13944.830972352727,2792.1743283497476,196.79508475442884,1034.6605333378034,531.0863679073872,64446.38649374337
15,2961.0,47.86694444444444,322.1378968253968,1.31301369863014,0.2971995696948665,1.4156185451087062,1.4079315041755014,0.5323450317391412,1027.033498207949,794.8210074788889,795.7832723725259,901.2047727263316,83.06012950971324,157335.20910804815,1193.699281889584,377674.2476644875,68744.31731298196,15000.0,112.0,23.0,81.0,39.0,12030.0,563872.3,23072.116666666665,10375.3,155881.08333333334,58874.38333333333,121302.16666666667,0.0,0.0,0.48290100858870033,1.094,4.4398475513503115,0.0,0.0,0.0,1.1474358974358974,4065.434863632118,0.0,0.0,0.0,0.0,0.0,0.0,0.0,0.0,0.0,0.0,0.0,0.0,0.0,0.0,0.0,0.0,4689.543333333333,64.81666666666666,8.816666666666666,52.733333333333334,31.066666666666666,9866.746388888889,13994.912182590264,2792.174328349748,196.79508475442884,1034.6605333378034,531.0863679073871,64189.60099863307
16,2994.0,49.039722222222224,326.6669955599408,1.7070019723865886,0.29896684623763786,1.3843424762194088,1.3736880329708971,0.569100259338959,932.2968467357974,753.8158577677497,836.1490061101418,834.349192338306,82.87844297746415,157335.2091080481,1197.713777309161,379206.83438177366,69004.79609989173,15000.0,112.0,23.0,81.0,39.0,12025.0,534483.2,23033.383333333335,10460.25,154512.5,58033.0,124839.96666666666,0.0,0.0,0.4888376561051672,1.1018766756032172,4.409618755051129,0.0,0.0,0.0,1.1434262948207172,3603.693219907867,0.0,0.0,0.0,0.0,0.0,0.0,0.0,0.0,0.0,0.0,0.0,0.0,0.0,0.0,0.0,0.0,4707.624444444445,64.81666666666666,8.816666666666666,52.733333333333334,31.066666666666666,9379.573055555555,14041.97806568725,2792.174328349748,196.79508475442884,1034.6605333378034,531.0863679073872,64450.07978554288
17,3019.5,49.004444444444445,324.6467124631992,1.532544191919195,0.31408357155481303,1.496522832312143,1.4305300317597671,0.5619652633198949,1054.2372379862534,763.5269701086121,719.3748617738471,892.6325788259489,82.91552197802197,157335.20910804812,1184.9807187371023,378474.23659861006,68880.28361410671,15000.0,112.0,23.0,81.0,39.0,12008.0,553297.5333333333,25306.566666666666,11689.583333333334,150479.3,59818.333333333336,121510.11666666667,0.0,0.0,0.47745513379256493,1.110781990521327,4.748735109273181,0.0,0.0,0.0,1.1422973578145992,3942.4605564812746,0.0,0.0,0.0,0.0,0.0,0.0,0.0,0.0,0.0,0.0,0.0,0.0,0.0,0.0,0.0,0.0,4655.941666666667,64.81666666666666,8.816666666666666,52.733333333333334,31.066666666666666,9725.484166666667,13892.69588110753,2792.174328349749,196.79508475442884,1034.6605333378034,531.0863679073872,64325.5672997574
18,2878.5,46.9875,321.7871705619095,1.6012980769230762,0.3043525613826284,1.4477590911486777,1.4296094243774624,0.5437730217278508,1083.183423715416,781.6723520239536,835.6522740429433,933.1866368535522,81.93031927289677,157335.20910804815,1174.6185988978868,381284.75112669123,69357.95930227907,15000.0,112.0,23.0,81.0,39.0,12059.0,575406.8666666667,22991.716666666667,10871.066666666668,148955.2,58605.2,123237.71666666666,0.0,0.0,0.4956951963424597,1.111716621253406,4.5776397044309105,0.0,0.0,0.0,1.1363845446182153,4237.704205356075,0.0,0.0,0.0,0.0,0.0,0.0,0.0,0.0,0.0,0.0,0.0,0.0,0.0,0.0,0.0,0.0,4616.870833333333,64.81666666666666,8.816666666666666,52.733333333333334,31.066666666666666,10067.27638888889,13771.210546086008,2792.174328349748,196.79508475442884,1034.6605333378036,531.0863679073872,64803.24298793015
19,3096.0,51.15361111111111,324.2273166023166,1.3568422796554047,0.304028968146472,1.421071397197754,1.4444100221560543,0.5597523287831246,1137.8542395602217,946.5338385438055,915.7066542320821,1034.056792804015,85.59069239500568,157335.20910804806,1227.0633333132123,378219.10850557557,68836.92198540922,15000.0,112.0,23.0,81.0,39.0,11969.0,606040.7,25060.183333333334,10565.866666666667,160446.0,59409.61666666667,126359.1,0.0,0.0,0.4878060384165485,1.0894160583941606,4.5890458238831,0.0,0.0,0.0,1.1574519230769231,4771.597622794527,0.0,0.0,0.0,0.0,0.0,0.0,0.0,0.0,0.0,0.0,0.0,0.0,0.0,0.0,0.0,0.0,4823.698888888889,64.81666666666666,8.816666666666666,52.733333333333334,31.066666666666666,10613.150277777779,14386.071812836406,2792.1743283497476,196.79508475442884,1034.6605333378034,531.0863679073872,64282.2056710603
20,2990.25,49.655833333333334,321.77413127413126,1.6548159105851397,0.29995216198714725,1.3692517265739066,1.401687906045214,0.5669877994157031,1268.3356797132926,841.9910544880634,871.1723507573561,1051.301259173201,84.6028466483012,157335.20910804812,1187.87603554495,380491.1139642568,69223.07254971619,15000.0,112.0,23.0,81.0,39.0,11991.0,617120.4833333333,24111.2,10568.366666666667,149232.9,60989.88333333333,122976.63333333333,0.0,0.0,0.4981233078114183,1.124031007751938,4.392880036332299,0.0,0.0,0.0,1.1448252688172043,4892.0551926859625,0.0,0.0,0.0,0.0,0.0,0.0,0.0,0.0,0.0,0.0,0.0,0.0,0.0,0.0,0.0,0.0,4665.178333333333,64.81666666666666,8.816666666666666,52.733333333333334,31.066666666666666,10777.404722222222,13926.640531222882,2792.174328349748,196.79508475442884,1034.6605333378034,531.0863679073872,64668.35623536736
21,3072.0,49.701388888888886,326.5007173601148,1.3687661498708048,0.3197821652316512,1.5560169162210706,1.4017978129515272,0.579400406495137,1442.452735891943,785.7931478627031,839.286849753369,1117.1051156748247,84.15844989681266,157335.20910804812,1208.5394052394881,381285.157927584,69358.02844225192,15000.0,112.0,23.0,81.0,39.0,11961.0,638125.4833333333,23065.333333333332,11277.166666666666,155911.05,60615.53333333333,123477.21666666666,0.0,0.0,0.5091730826053276,1.1318897637795275,4.814236761439089,0.0,0.0,0.0,1.1561952714535901,5272.1155320320195,0.0,0.0,0.0,0.0,0.0,0.0,0.0,0.0,0.0,0.0,0.0,0.0,0.0,0.0,0.0,0.0,4745.571388888889,64.81666666666666,8.816666666666666,52.733333333333334,31.066666666666666,11124.19,14168.897562502545,2792.174328349748,196.79508475442884,1034.6605333378034,531.0863679073872,64803.31212790264
22,3018.0,49.643055555555556,325.788995215311,1.6492818971275878,0.2976757293082358,1.3626716659557447,1.4171813624779146,0.5508949302254726,1118.5991826041554,825.810784584609,798.1630585323162,959.5341665379765,83.4453589391861,157335.20910804812,1216.7068382846503,377028.2811169387,68634.52869169814,15000.0,112.0,23.0,81.0,39.0,11959.0,575082.9666666667,24277.5,10392.0,154413.63333333333,60792.78333333333,125412.2,0.0,0.0,0.48077031705721185,1.121173469387755,4.483257315721813,0.0,0.0,0.0,1.1424457244129376,4255.800565864409,0.0,0.0,0.0,0.0,0.0,0.0,0.0,0.0,0.0,0.0,0.0,0.0,0.0,0.0,0.0,0.0,4782.509444444445,64.81666666666666,8.816666666666666,52.733333333333334,31.066666666666666,10055.73138888889,14264.652423009287,2792.1743283497476,196.79508475442884,1034.6605333378034,531.0863679073872,64079.812377349044
23,2996.25,49.590833333333336,323.0048053820279,1.299458253664757,0.312912345983513,1.5446478116330162,1.413727822670637,0.5679587504249008,1296.1892925522336,740.2325385330231,825.4720968911355,1014.5271878401244,83.8316268486917,157335.20910804815,1200.5003866115853,377904.1633736222,68783.39383917926,15000.0,112.0,23.0,81.0,39.0,11983.0,590321.1,21935.616666666665,11596.016666666666,154103.78333333333,57332.01666666667,127204.73333333334,0.0,0.0,0.4858110825717812,1.0799180327868851,4.801799901330485,0.0,0.0,0.0,1.1397896581945661,4519.718621827754,0.0,0.0,0.0,0.0,0.0,0.0,0.0,0.0,0.0,0.0,0.0,0.0,0.0,0.0,0.0,0.0,4724.011111111111,64.81666666666666,8.816666666666666,52.733333333333334,31.066666666666666,10320.552777777777,14074.648230666167,2792.174328349748,196.79508475442884,1034.6605333378034,531.0863679073872,64228.677524830055
24,3074.25,48.03138888888889,320.8974234321828,1.639608233731738,0.29630903411220677,1.3752620798546704,1.3843497145334642,0.5349951818007966,933.768898652768,767.9766203867101,757.7193011904217,840.8961393824629,81.54351809436555,157335.2091080481,1216.9488521167063,375696.787130218,68408.22767099527,15000.0,112.0,23.0,81.0,39.0,11995.0,533526.45,22656.633333333335,10327.816666666668,154180.63333333333,60387.683333333334,127044.78333333334,0.0,0.0,0.468498867056442,1.102,4.402250202295504,0.0,0.0,0.0,1.1574597651152676,3599.9698056006996,0.0,0.0,0.0,0.0,0.0,0.0,0.0,0.0,0.0,0.0,0.0,0.0,0.0,0.0,0.0,0.0,4780.9077777777775,64.81666666666666,8.816666666666666,52.733333333333334,31.066666666666666,9350.961666666666,14267.48978948675,2792.174328349748,196.79508475442884,1034.6605333378034,531.0863679073872,63853.51135664608
25,3073.5,48.878055555555555,324.20178739416747,1.4044088176352731,0.3113875568782327,1.4727825293915224,1.41975451690888,0.5876142914768488,1325.4983144209111,874.286062804431,904.6571103201289,1088.7999810663468,83.58810172570391,157335.20910804806,1214.8184908203152,381567.54546449863,69406.02309222761,15000.0,112.0,23.0,81.0,39.0,11938.0,624472.9166666666,24009.05,10839.433333333332,153597.16666666666,60478.98333333333,127359.68333333333,0.0,0.0,0.5132531562157924,1.0734126984126984,4.722497536216851,0.0,0.0,0.0,1.1578776041666667,5052.03191214785,0.0,0.0,0.0,0.0,0.0,0.0,0.0,0.0,0.0,0.0,0.0,0.0,0.0,0.0,0.0,0.0,4773.651111111111,64.81666666666666,8.816666666666666,52.733333333333334,31.066666666666666,10897.279166666667,14242.513466125776,2792.174328349749,196.79508475442884,1034.6605333378034,531.0863679073872,64851.306777878475
26,2936.25,47.70166666666667,319.6924219910847,1.562750809061489,0.3063496732162867,1.4681229141970933,1.3838833015520313,0.5229646128648726,1092.0993309302671,676.7429120984823,767.9165355234176,883.5389504996227,82.81689814814816,157335.20910804806,1167.4606194043813,378855.36808256496,68945.06080777053,15000.0,112.0,23.0,81.0,39.0,12029.0,561383.9833333333,22721.633333333335,11162.416666666666,148541.78333333333,57646.05,123165.38333333333,0.0,0.0,0.4701811488613228,1.0941644562334218,4.68321659072274,0.0,0.0,0.0,1.1378494138863842,3992.614346313295,0.0,0.0,0.0,0.0,0.0,0.0,0.0,0.0,0.0,0.0,0.0,0.0,0.0,0.0,0.0,0.0,4585.027777777777,64.81666666666666,8.816666666666666,52.733333333333334,31.066666666666666,9844.84638888889,13687.290503629547,2792.174328349748,196.79508475442884,1034.6605333378034,531.0863679073872,64390.34449342167
27,2979.75,50.200833333333335,325.46911196911196,1.4482481990831721,0.30281885897350175,1.4465125212039565,1.4394203082789545,0.5277133458008385,1082.3506593511047,912.8560816252424,911.3552661714062,989.6121837921181,85.15803939532753,157335.20910804812,1211.6547498919192,377669.68230333267,68743.54138316226,15000.0,112.0,23.0,81.0,39.0,11968.0,595221.5833333334,22871.383333333335,11093.583333333334,155125.25,59928.95,125881.5,0.0,0.0,0.478639200437062,1.1146978021978022,4.64632131244418,0.0,0.0,0.0,1.1424766977363516,4604.72046963938,0.0,0.0,0.0,0.0,0.0,0.0,0.0,0.0,0.0,0.0,0.0,0.0,0.0,0.0,0.0,0.0,4764.935,64.81666666666666,8.816666666666666,52.733333333333334,31.066666666666666,10407.324722222222,14205.421815713366,2792.174328349748,196.79508475442884,1034.6605333378034,531.0863679073872,64188.8250688131
28,3156.0,51.25083333333333,324.52597701149426,1.6281122448979612,0.2983439405391665,1.3495822282620984,1.4085609210408185,0.5903910793373297,1268.2525816147704,958.2560963721166,868.6770227725895,1098.0999760773025,84.81096875702406,157335.2091080481,1275.0061409708926,375509.8757157391,68376.46016449582,15000.0,112.0,23.0,81.0,39.0,11893.0,624876.25,23425.733333333334,10139.333333333334,170201.75,61988.71666666667,126655.83333333333,0.0,0.0,0.48930186795591973,1.1325,4.420889646331261,0.0,0.0,0.0,1.1566110397946086,5108.300083157385,0.0,0.0,0.0,0.0,0.0,0.0,0.0,0.0,0.0,0.0,0.0,0.0,0.0,0.0,0.0,0.0,5014.949444444444,64.81666666666666,8.816666666666666,52.733333333333334,31.066666666666666,10884.621111111112,14948.152558913387,2792.174328349748,196.79508475442884,1034.6605333378034,531.0863679073871,63821.74385014675
29,2996.25,47.84444444444444,322.58739537173807,1.348420373952291,0.30264085536422625,1.3931768347785092,1.4167994422200254,0.5446485064293186,1003.1007310094228,801.3003675989253,865.0925752886878,896.7922525843518,82.03083294983894,157335.2091080481,1161.2648715425262,380175.519142723,69169.4339820965,15000.0,112.0,23.0,81.0,39.0,12007.0,562884.1333333333,23319.25,10625.633333333333,146006.9,58646.05,121988.93333333333,0.0,0.0,0.4883705533158694,1.110236220472441,4.446700329861619,0.0,0.0,0.0,1.1370967741935485,4042.041969564915,0.0,0.0,0.0,0.0,0.0,0.0,0.0,0.0,0.0,0.0,0.0,0.0,0.0,0.0,0.0,0.0,4559.896388888889,64.81666666666666,8.816666666666666,52.733333333333334,31.066666666666666,9857.87611111111,13614.651650153097,2792.174328349749,196.79508475442884,1034.6605333378034,531.0863679073872,64614.71766774762
30,2990.25,47.92916666666667,322.14110127826945,1.5992618110236212,0.3042062444208328,1.4714550080479964,1.3895207391974576,0.5452388793692677,1145.2157035098314,753.3323587499991,737.5989992740876,945.2129549251636,80.88261070110701,157335.20910804806,1188.5178244796634,379743.4313370718,69095.99624041104,15000.0,112.0,23.0,81.0,39.0,12032.0,574784.9166666666,23461.116666666665,10815.616666666667,151456.93333333332,59232.166666666664,123106.11666666667,0.0,0.0,0.4905784718751413,1.1458333333333333,4.6014223275747685,0.0,0.0,0.0,1.13897620116749,4260.284835171029,0.0,0.0,0.0,0.0,0.0,0.0,0.0,0.0,0.0,0.0,0.0,0.0,0.0,0.0,0.0,0.0,4671.204444444445,64.81666666666666,8.816666666666666,52.733333333333334,31.066666666666666,10054.915277777778,13934.16485490912,2792.174328349748,196.79508475442884,1034.6605333378034,531.0863679073872,64541.27992606204
31,2943.75,48.109722222222224,321.6998021760633,1.4312918340026808,0.29534824864253445,1.394972151259603,1.4160457993410018,0.5303059903425247,953.5557995781138,726.6349331197187,784.6985201558368,827.3446311206943,82.17429700209156,157335.2091080481,1168.904567562413,380880.4005868731,69289.23579260179,15000.0,112.0,23.0,81.0,39.0,12016.0,542039.6666666666,23302.166666666668,10262.516666666666,148269.3,59565.51666666667,121374.43333333333,0.0,0.0,0.49078563796761787,1.103542234332425,4.485286675242305,0.0,0.0,0.0,1.1359060402684564,3704.895221749087,0.0,0.0,0.0,0.0,0.0,0.0,0.0,0.0,0.0,0.0,0.0,0.0,0.0,0.0,0.0,0.0,4594.284722222223,64.81666666666666,8.816666666666666,52.733333333333334,31.066666666666666,9507.754444444445,13704.219329820931,2792.174328349748,196.79508475442884,1034.6605333378034,531.0863679073872,64734.51947825278
32,2968.5,48.05583333333333,322.65522243713735,1.6250815394651006,0.3048222709027093,1.407678403017104,1.4346431911102029,0.5324929534096321,1108.388458153922,785.8265794026545,757.9719197184093,934.8216097373511,81.29123770304278,157335.20910804812,1185.4898751982835,380349.150059957,69198.94433226505,15000.0,112.0,23.0,81.0,39.0,11985.0,573416.1833333333,22845.283333333333,10753.983333333334,148388.76666666666,59641.05,125097.18333333333,0.0,0.0,0.4967698361735073,1.1115702479338843,4.528835435951635,0.0,0.0,0.0,1.1476510067114094,4205.139207801851,0.0,0.0,0.0,0.0,0.0,0.0,0.0,0.0,0.0,0.0,0.0,0.0,0.0,0.0,0.0,0.0,4656.421944444444,64.81666666666666,8.816666666666666,52.733333333333334,31.066666666666666,10037.898611111112,13898.665223696078,2792.174328349748,196.79508475442884,1034.6605333378034,531.0863679073871,64644.22801791611
33,2992.5,48.719166666666666,321.25363724539284,1.3803836234687334,0.3022370427708255,1.4313807692503335,1.4023866259526159,0.5327007602299952,1026.8616004441214,709.8984629410263,749.7232325578885,858.0317913934344,82.95320424158598,157335.2091080481,1184.773875922652,376762.40854470717,68589.34092887452,15000.0,112.0,23.0,81.0,39.0,11973.0,535538.35,20863.133333333335,10812.85,147353.33333333334,59822.25,126571.61666666667,0.0,0.0,0.47284091908587106,1.08,4.541519936619611,0.0,0.0,0.0,1.1417030567685589,3631.6195570727114,0.0,0.0,0.0,0.0,0.0,0.0,0.0,0.0,0.0,0.0,0.0,0.0,0.0,0.0,0.0,0.0,4655.680555555556,64.81666666666666,8.816666666666666,52.733333333333334,31.066666666666666,9382.906388888889,13890.27085910429,2792.174328349749,196.79508475442884,1034.6605333378034,531.0863679073872,64034.62461452551
34,2976.0,49.00388888888889,320.2105764649833,1.6557795698924724,0.2963846953232937,1.3784957051602598,1.401451361197581,0.5553484680055052,1125.821632381271,833.8587965238911,797.6355673982657,969.7846951185965,82.55926773455377,157335.20910804812,1224.2945310455784,379733.49624067283,69094.3076691679,15000.0,112.0,23.0,81.0,39.0,11946.0,584323.3166666667,24213.8,10228.066666666666,157992.41666666666,61286.51666666667,125021.5,0.0,0.0,0.49422880076375003,1.1005221932114881,4.441513831157947,0.0,0.0,0.0,1.1475741239892183,4400.398054100631,0.0,0.0,0.0,0.0,0.0,0.0,0.0,0.0,0.0,0.0,0.0,0.0,0.0,0.0,0.0,0.0,4809.266666666666,64.81666666666666,8.816666666666666,52.733333333333334,31.066666666666666,10232.05388888889,14353.610417261894,2792.174328349748,196.79508475442884,1034.6605333378034,531.0863679073872,64539.591354818935
35,2996.25,48.58222222222222,320.4566253574833,1.4462701612903264,0.30161942587721274,1.4399563554542112,1.4195678370680338,0.547493437087736,1252.4468051097372,784.6886655782155,818.061824730661,1012.1578616086058,83.12247706422018,157335.20910804812,1198.4478750331095,379401.2625569435,69037.8411567471,15000.0,112.0,23.0,81.0,39.0,11977.0,603188.9833333333,23126.166666666668,10528.266666666666,149994.65,59433.63333333333,127727.01666666666,0.0,0.0,0.4912363342144275,1.1289893617021276,4.658552935517013,0.0,0.0,0.0,1.1435082258781681,4691.913998479004,0.0,0.0,0.0,0.0,0.0,0.0,0.0,0.0,0.0,0.0,0.0,0.0,0.0,0.0,0.0,0.0,4709.994722222223,64.81666666666666,8.816666666666666,52.733333333333334,31.066666666666666,10521.291111111112,14050.584616211223,2792.174328349748,196.79508475442884,1034.6605333378034,531.0863679073872,64483.124842398065
36,2953.5,48.47694444444444,322.44279559597896,1.6621943371943353,0.3079333085868631,1.469635461088255,1.4119079331676978,0.5563280828129172,992.7910385911566,759.3078288864363,791.6920764681947,867.2369122478341,82.98936662043458,157335.2091080481,1203.7687150066736,381849.0642126024,69453.87008265946,15000.0,112.0,23.0,81.0,39.0,11973.0,561896.2,22391.733333333334,11061.816666666668,148312.0,61977.9,127186.16666666667,0.0,0.0,0.5080522338859812,1.1176056338028169,4.560147374449746,0.0,0.0,0.0,1.1501349527665317,4011.452517430815,0.0,0.0,0.0,0.0,0.0,0.0,0.0,0.0,0.0,0.0,0.0,0.0,0.0,0.0,0.0,0.0,4728.4925,64.81666666666666,8.816666666666666,52.733333333333334,31.066666666666666,9838.629166666668,14112.966062943575,2792.1743283497476,196.79508475442884,1034.6605333378034,531.0863679073872,64899.15376831034
37,3018.75,49.02527777777778,320.7854387656702,1.3765919428200153,0.30670077092972453,1.4023694028308977,1.4361261778894427,0.5426294359196884,1077.5130991655992,773.4955993200925,761.0455954904991,914.5433220979157,82.48901098901099,157335.20910804815,1184.9451685994725,380806.39739866124,69276.65819390779,15000.0,112.0,23.0,81.0,39.0,11989.0,567716.6666666666,22359.7,10655.4,149375.56666666668,58332.73333333333,126367.96666666666,0.0,0.0,0.493284575745185,1.087012987012987,4.542623351327047,0.0,0.0,0.0,1.1515721877767937,4102.742958855927,0.0,0.0,0.0,0.0,0.0,0.0,0.0,0.0,0.0,0.0,0.0,0.0,0.0,0.0,0.0,0.0,4656.668055555556,64.81666666666666,8.816666666666666,52.733333333333334,31.066666666666666,9928.806944444445,13892.279091836015,2792.1743283497476,196.79508475442884,1034.6605333378034,531.0863679073872,64721.94187955895
38,3005.25,46.74611111111111,320.14949688548154,1.656713426853705,0.2929700967860682,1.3703144097203632,1.3868927878857662,0.5605340814608328,1070.6597759302792,895.4671441601507,848.8651207733509,973.2281631611772,80.37218907755852,157335.20910804815,1207.149834090317,376780.87456699414,68592.47941822169,15000.0,112.0,23.0,81.0,39.0,11965.0,580365.7833333333,22355.133333333335,10415.083333333334,151843.73333333334,60166.65,126668.63333333333,0.0,0.0,0.47438975375555764,1.091796875,4.41637857804271,0.0,0.0,0.0,1.1437417072091995,4346.004430827524,0.0,0.0,0.0,0.0,0.0,0.0,0.0,0.0,0.0,0.0,0.0,0.0,0.0,0.0,0.0,0.0,4744.647777777778,64.81666666666666,8.816666666666666,52.733333333333334,31.066666666666666,10133.68,14152.60625153415,2792.174328349748,196.79508475442884,1034.6605333378034,531.0863679073872,64037.763103872654
39,3057.75,50.02361111111111,323.50189573459716,1.4208677685950435,0.3067367204625247,1.4898937794053262,1.4385269580695448,0.5646229514183471,1222.062181265399,866.4799236753707,847.4866836123649,1036.764666408972,85.71223185759926,157335.20910804812,1223.4437893748045,378317.34281265887,68853.61791057556,15000.0,112.0,23.0,81.0,39.0,11945.0,622553.9666666667,24199.983333333334,10822.183333333332,157020.3,60576.35,125943.76666666666,0.0,0.0,0.49214595817841367,1.0960099750623442,4.910320903044936,0.0,0.0,0.0,1.140352787456446,5004.981427089312,0.0,0.0,0.0,0.0,0.0,0.0,0.0,0.0,0.0,0.0,0.0,0.0,0.0,0.0,0.0,0.0,4809.340277777777,64.81666666666666,8.816666666666666,52.733333333333334,31.066666666666666,10858.204444444444,14343.63633488347,2792.1743283497476,196.79508475442884,1034.6605333378034,531.0863679073872,64298.90159622707
40,2913.0,47.44361111111111,320.8897131552918,1.6778625954198454,0.3014452822511099,1.3746438320668701,1.3903093797359114,0.5509379486966318,884.2347110690445,765.3983012362411,851.8312796313385,818.5539682473975,82.3329474415374,157335.20910804812,1178.6117815996286,379307.7299278819,69021.94432984757,15000.0,112.0,23.0,81.0,39.0,11986.0,524322.6166666667,23142.1,10936.05,146429.63333333333,60241.46666666667,123105.61666666667,0.0,0.0,0.48373998653294886,1.05858310626703,4.408402091660855,0.0,0.0,0.0,1.1417910447761195,3453.3882415948538,0.0,0.0,0.0,0.0,0.0,0.0,0.0,0.0,0.0,0.0,0.0,0.0,0.0,0.0,0.0,0.0,4627.683888888889,64.81666666666666,8.816666666666666,52.733333333333334,31.066666666666666,9216.349444444444,13818.02655920401,2792.174328349749,196.79508475442884,1034.6605333378034,531.0863679073871,64467.22801549827
41,3102.0,49.35472222222222,318.03518782691395,1.433486394557826,0.3057097360299074,1.4125987532943285,1.442371346728486,0.5603084391090133,1146.4287893701614,848.0431178865521,807.9833464326357,977.9467932889185,80.14075067024129,157335.2091080481,1209.3568152473847,377447.7412956268,68705.82023903415,15000.0,112.0,23.0,81.0,39.0,11936.0,592093.35,23233.816666666666,10652.75,152325.25,58283.88333333333,130214.01666666666,0.0,0.0,0.47951248563089954,1.1128378378378379,4.751214525454421,0.0,0.0,0.0,1.1531290184312044,4523.003918961248,0.0,0.0,0.0,0.0,0.0,0.0,0.0,0.0,0.0,0.0,0.0,0.0,0.0,0.0,0.0,0.0,4754.392222222222,64.81666666666666,8.816666666666666,52.733333333333334,31.066666666666666,10347.839166666667,14178.480864973533,2792.1743283497476,196.79508475442884,1034.6605333378034,531.0863679073873,64151.103924685325
42,3024.75,48.19972222222222,319.1460992907801,1.4758974358974355,0.31612643483211006,1.5033346123548719,1.4765215870650072,0.5466004343304856,1102.5441397920042,881.9015795193742,913.6080330826411,993.1910312109003,81.40063810391977,157335.20910804806,1211.293837029356,382105.80401517847,69497.5056378757,15000.0,112.0,23.0,81.0,39.0,11953.0,605657.8,23182.616666666665,11269.7,154126.21666666667,59550.183333333334,127062.13333333333,0.0,0.0,0.5184980195859312,1.0948492462311559,4.726756784218707,0.0,0.0,0.0,1.1440565620857268,4725.382217383417,0.0,0.0,0.0,0.0,0.0,0.0,0.0,0.0,0.0,0.0,0.0,0.0,0.0,0.0,0.0,0.0,4762.389444444444,64.81666666666666,8.816666666666666,52.733333333333334,31.066666666666666,10567.726111111111,14201.190478814924,2792.174328349748,196.79508475442884,1034.6605333378034,531.0863679073872,64942.789323526726
43,3005.25,47.11805555555556,319.91769344504684,1.6781190926275955,0.3049307636404261,1.4401597934870378,1.4245889234884919,0.5343847423640724,910.5272673535499,686.859321970036,753.4301697222423,794.4127961735591,80.33409821018816,157335.20910804815,1161.2550389966793,378115.1929079414,68819.26046680997,15000.0,112.0,23.0,81.0,39.0,12024.0,527420.2,22102.033333333333,11143.883333333333,144595.65,56537.45,125129.23333333334,0.0,0.0,0.4690115315393205,1.1187150837988826,4.5386851418897916,0.0,0.0,0.0,1.1434372256365233,3485.0448027691714,0.0,0.0,0.0,0.0,0.0,0.0,0.0,0.0,0.0,0.0,0.0,0.0,0.0,0.0,0.0,0.0,4562.891944444445,64.81666666666666,8.816666666666666,52.733333333333334,31.066666666666666,9255.400277777779,13614.536373535571,2792.174328349748,196.79508475442884,1034.6605333378034,531.0863679073872,64264.544152460985
44,2916.0,48.39194444444445,320.2221684414327,1.3086575875486413,0.3030029337704308,1.4029157048189564,1.408482989556889,0.527192644634022,1023.3995993631448,764.5568341732595,836.0876904963446,889.8961588943455,83.15268417383221,157335.20910804812,1182.5817382171688,379655.2806140184,69081.01412347991,15000.0,112.0,23.0,81.0,39.0,11991.0,558888.05,21810.383333333335,10796.166666666666,151018.98333333334,57919.36666666667,124518.18333333333,0.0,0.0,0.4848944649690885,1.1053719008264462,4.534770016429992,0.0,0.0,0.0,1.1337917042380523,3967.7009017814275,0.0,0.0,0.0,0.0,0.0,0.0,0.0,0.0,0.0,0.0,0.0,0.0,0.0,0.0,0.0,0.0,4645.766111111111,64.81666666666666,8.816666666666666,52.733333333333334,31.066666666666666,9775.58138888889,13864.57027006495,2792.174328349748,196.79508475442884,1034.6605333378034,531.0863679073872,64526.29780913083
45,3063.0,50.02055555555555,320.99762695775985,1.6841403162055324,0.31344292818456787,1.4831613475416794,1.452043421052765,0.5275696287116137,1149.0904462204478,816.1282621672123,793.022764152653,981.4081566179133,83.70300409649522,157335.2091080481,1204.712717170963,378856.53808390937,68945.25966146545,15000.0,112.0,23.0,81.0,39.0,11944.0,607402.8,23187.433333333334,11560.85,154785.18333333332,59136.7,125657.55,0.0,0.0,0.47866542173923954,1.106353591160221,4.883355680986629,0.0,0.0,0.0,1.153096578605457,4770.461481293573,0.0,0.0,0.0,0.0,0.0,0.0,0.0,0.0,0.0,0.0,0.0,0.0,0.0,0.0,0.0,0.0,4735.469444444445,64.81666666666666,8.816666666666666,52.733333333333334,31.066666666666666,10606.555555555555,14124.033529926126,2792.174328349748,196.79508475442884,1034.6605333378034,531.0863679073871,64390.543347116516
46,3117.75,48.060833333333335,319.32684085510687,1.4350563286945017,0.307906390727261,1.412903711218654,1.4541974022861328,0.5404885682068273,1121.7908361191387,867.2538529677904,802.8276971369327,980.9724793776538,80.66832354270221,157335.2091080481,1196.449332317224,377929.2246083402,68787.6532523296,15000.0,112.0,23.0,81.0,39.0,11956.0,588993.75,22761.266666666666,10828.333333333334,150416.7,57971.416666666664,128619.53333333334,0.0,0.0,0.4877650661619738,1.0892370572207084,4.670400712591443,0.0,0.0,0.0,1.1507197290431836,4477.866876003607,0.0,0.0,0.0,0.0,0.0,0.0,0.0,0.0,0.0,0.0,0.0,0.0,0.0,0.0,0.0,0.0,4703.850833333333,64.81666666666666,8.816666666666666,52.733333333333334,31.066666666666666,10288.820555555556,14027.15373187854,2792.1743283497476,196.79508475442884,1034.6605333378034,531.0863679073872,64232.936937980645
47,3033.75,49.22555555555556,321.66160417655436,1.721130952380952,0.29729275948014633,1.3961256673695703,1.4145315107878462,0.5569230236485949,861.4722467887904,804.3001837437221,859.3832001841981,825.8499462938239,82.77008372935053,157335.2091080481,1219.4295305805774,375236.49004611844,68329.99547393183,15000.0,112.0,23.0,81.0,39.0,11954.0,528359.1333333333,21785.516666666666,10639.5,155685.5,59229.166666666664,128122.08333333333,0.0,0.0,0.4749082347655659,1.0950797872340425,4.493461944453714,0.0,0.0,0.0,1.1390095569070373,3542.2080613119265,0.0,0.0,0.0,0.0,0.0,0.0,0.0,0.0,0.0,0.0,0.0,0.0,0.0,0.0,0.0,0.0,4795.427222222223,64.81666666666666,8.816666666666666,52.733333333333334,31.066666666666666,9273.58111111111,14296.573225978544,2792.174328349749,196.79508475442884,1034.6605333378034,531.0863679073872,63775.279159582584
48,3024.75,49.031666666666666,321.5089242643512,1.3086195928753221,0.3176209263960204,1.4902070160376109,1.443012809912435,0.5576977171050902,1195.2735961859905,753.2534354815009,764.936498959546,976.2095959156345,83.05992680695334,157335.20910804812,1173.6111050485304,382744.126698243,69605.99510621419,15000.0,112.0,23.0,81.0,39.0,11987.0,602411.8,23631.65,11358.816666666668,147291.3,58002.666666666664,123643.38333333333,0.0,0.0,0.50197842418982,1.0946475195822454,4.750528947086547,0.0,0.0,0.0,1.1462824461064671,4667.637715137727,0.0,0.0,0.0,0.0,0.0,0.0,0.0,0.0,0.0,0.0,0.0,0.0,0.0,0.0,0.0,0.0,4610.604166666667,64.81666666666666,8.816666666666666,52.733333333333334,31.066666666666666,10522.306111111111,13759.398703555662,2792.1743283497476,196.79508475442884,1034.6605333378036,531.0863679073872,65051.27879186525
49,3040.5,48.833888888888886,316.18301886792455,1.5974722765818643,0.308325490857094,1.4430352047521697,1.4192018497158418,0.5898149533612451,1052.1573818146246,812.9772215448869,861.3888344880177,925.5995437446434,83.6745886654479,157335.2091080481,1207.740120996402,380041.01544841094,69146.57370363107,15000.0,112.0,23.0,81.0,39.0,11944.0,574785.35,22534.316666666666,10996.7,154129.51666666666,60429.75,124940.41666666667,0.0,0.0,0.5010030349386311,1.0881612090680102,4.610151985325768,0.0,0.0,0.0,1.1511473962930274,4228.961470975526,0.0,0.0,0.0,0.0,0.0,0.0,0.0,0.0,0.0,0.0,0.0,0.0,0.0,0.0,0.0,0.0,4746.885833333334,64.81666666666666,8.816666666666666,52.733333333333334,31.066666666666666,10056.076111111111,14159.526766221994,2792.1743283497476,196.79508475442884,1034.6605333378034,531.0863679073871,64591.85738928228
50,2996.25,48.765277777777776,320.1017274472169,1.3634974259974293,0.3012517447251253,1.4467677195176027,1.4253336835665937,0.5389650954101065,1069.5196267789113,792.8010915519707,833.5594911342945,927.7997361763012,82.0672481064953,157335.2091080481,1198.725867820534,379398.1379590129,69037.3100993723,15000.0,112.0,23.0,81.0,39.0,11967.0,567449.1666666666,21502.333333333332,10593.383333333333,151332.23333333334,59689.5,127388.83333333333,0.0,0.0,0.49263591158509407,1.10625,4.453244086841892,0.0,0.0,0.0,1.1480335837384004,4147.522542857004,0.0,0.0,0.0,0.0,0.0,0.0,0.0,0.0,0.0,0.0,0.0,0.0,0.0,0.0,0.0,0.0,4714.645833333333,64.81666666666666,8.816666666666666,52.733333333333334,31.066666666666666,9921.325277777778,14053.843799412929,2792.174328349748,196.79508475442884,1034.6605333378036,531.0863679073872,64482.59378502372
51,3075.0,48.99722222222222,322.8099762470309,1.5979822834645676,0.30336647753568136,1.4399468147433117,1.398004023602231,0.5739949996012317,1219.183675214145,770.0320990927921,823.0431437529011,998.2467589199891,79.86498649864987,157335.2091080481,1205.9781543255808,377140.93283233297,68653.67500285816,15000.0,112.0,23.0,81.0,39.0,11934.0,595785.3,23191.533333333333,10700.383333333333,150905.8,57700.416666666664,130041.7,0.0,0.0,0.48184020673839456,1.1056701030927836,4.557135211221858,0.0,0.0,0.0,1.1429805615550757,4595.539870994717,0.0,0.0,0.0,0.0,0.0,0.0,0.0,0.0,0.0,0.0,0.0,0.0,0.0,0.0,0.0,0.0,4743.606388888889,64.81666666666666,8.816666666666666,52.733333333333334,31.066666666666666,10404.325,14138.869495834959,2792.174328349748,196.79508475442884,1034.6605333378034,531.0863679073872,64098.95868850932
52,3024.0,50.05,321.63963963963965,1.3807971014492793,0.3086202472755412,1.459956368929207,1.3849300024361768,0.5596201145084974,1260.5849032025092,813.1945464453141,867.9550783844736,1034.978910946392,83.24210765387237,157335.2091080481,1201.5500988377955,378863.7664279888,68946.48819246881,15000.0,112.0,23.0,81.0,39.0,11916.0,603839.8333333334,22790.916666666668,10749.916666666666,149852.2,59300.2,128706.73333333334,0.0,0.0,0.49507161466350924,1.092032967032967,4.6415038656688,0.0,0.0,0.0,1.1555213374395072,4731.578587876589,0.0,0.0,0.0,0.0,0.0,0.0,0.0,0.0,0.0,0.0,0.0,0.0,0.0,0.0,0.0,0.0,4718.869722222223,64.81666666666666,8.816666666666666,52.733333333333334,31.066666666666666,10530.365277777777,14086.955040803114,2792.174328349748,196.79508475442884,1034.6605333378034,531.0863679073872,64391.77187812
53,2999.25,48.57222222222222,318.84430856067735,1.7008559431524524,0.3031830029116546,1.4274873462425506,1.416762339752755,0.5571431604603299,1045.2229179299477,867.8905152356455,798.2451998732618,949.151541766137,82.07356636965959,157335.2091080481,1209.6096373490564,379541.78652792505,69061.72464280404,15000.0,112.0,23.0,81.0,39.0,11947.0,570658.5,22812.1,10841.133333333333,150787.55,59902.4,128483.68333333333,0.0,0.0,0.4914130719993974,1.1006756756756757,4.514628951362454,0.0,0.0,0.0,1.1484271156402304,4196.040774224464,0.0,0.0,0.0,0.0,0.0,0.0,0.0,0.0,0.0,0.0,0.0,0.0,0.0,0.0,0.0,0.0,4755.473055555555,64.81666666666666,8.816666666666666,52.733333333333334,31.066666666666666,9979.8,14181.444947439195,2792.174328349748,196.79508475442884,1034.6605333378034,531.0863679073872,64507.00832845482
54,3017.25,47.81305555555556,319.78397711015737,1.4346379647749548,0.30385503838752165,1.4482239590711998,1.4460802625519034,0.5182317136341016,1217.6816789749441,681.0213435437972,712.5966718792425,950.5942639644564,82.4432,157335.20910804812,1186.3667775192341,379188.10561517376,69001.61295446254,15000.0,112.0,23.0,81.0,39.0,11979.0,597793.1666666666,22536.683333333334,10859.616666666667,149836.88333333333,57946.13333333333,126690.45,0.0,0.0,0.4820584921799162,1.0988857938718664,4.639799478121336,0.0,0.0,0.0,1.141815411406182,4600.612183625757,0.0,0.0,0.0,0.0,0.0,0.0,0.0,0.0,0.0,0.0,0.0,0.0,0.0,0.0,0.0,0.0,4664.421944444444,64.81666666666666,8.816666666666666,52.733333333333334,31.066666666666666,10444.79388888889,13908.946013138358,2792.174328349748,196.79508475442884,1034.6605333378034,531.0863679073872,64446.89664011342
55,3120.0,51.31861111111111,318.6200650255457,1.5980589022757687,0.30431796641976466,1.3921417351131025,1.443232470805228,0.5780726162992142,1122.5565650355843,947.3227827358298,863.667394072774,1028.4973331797437,86.20904339922745,157335.20910804812,1257.4729824579647,375741.4795846101,68415.82361070448,15000.0,112.0,23.0,81.0,39.0,11907.0,603622.6166666667,23226.7,10501.516666666666,160938.43333333332,62522.75,129314.61666666667,0.0,0.0,0.4856902099088887,1.1128378378378379,4.593634589658653,0.0,0.0,0.0,1.166343669250646,4728.802182997532,0.0,0.0,0.0,0.0,0.0,0.0,0.0,0.0,0.0,0.0,0.0,0.0,0.0,0.0,0.0,0.0,4941.063611111111,64.81666666666666,8.816666666666666,52.733333333333334,31.066666666666666,10519.61638888889,14742.594075805857,2792.1743283497476,196.79508475442884,1034.6605333378034,531.0863679073872,63861.10729635552
56,3099.0,49.71388888888889,321.76557452699586,1.4002132545931785,0.31867834353893654,1.4791516075563373,1.4745826901151964,0.5751277226102748,1168.2231434223681,1028.5608085587849,959.4706294444884,1094.706628132289,84.11050601316089,157335.20910804803,1228.8430323578189,381009.08298488037,69311.10668222334,15000.0,112.0,23.0,81.0,39.0,11893.0,627327.6,23799.766666666666,11246.3,154762.03333333333,60609.8,129053.6,0.0,0.0,0.51457167208042,1.125968992248062,4.81727310384641,0.0,0.0,0.0,1.1499352331606219,5113.192208901234,0.0,0.0,0.0,0.0,0.0,0.0,0.0,0.0,0.0,0.0,0.0,0.0,0.0,0.0,0.0,0.0,4825.970833333334,64.81666666666666,8.816666666666666,52.733333333333334,31.066666666666666,10939.5075,14406.936977303427,2792.174328349749,196.79508475442884,1034.6605333378034,531.0863679073871,64756.3903678744
57,2940.75,47.8925,321.38945827232794,1.6226031746031737,0.30215881801822275,1.4394388701474523,1.3987667553755594,0.5261790995077791,859.0014491337155,714.3941951881144,772.987356749136,779.8192989020181,81.24168768631048,157335.2091080481,1179.9886721421674,377385.32048603357,68695.211184044,15000.0,112.0,23.0,81.0,39.0,12019.0,515097.31666666665,21969.95,11244.766666666666,152105.2,56163.95,125180.45,0.0,0.0,0.46720933742631865,1.0866141732283465,4.537899221123755,0.0,0.0,0.0,1.1335800807537013,3305.3507449849703,0.0,0.0,0.0,0.0,0.0,0.0,0.0,0.0,0.0,0.0,0.0,0.0,0.0,0.0,0.0,0.0,4640.525277777778,64.81666666666666,8.816666666666666,52.733333333333334,31.066666666666666,9046.852222222222,13834.169202933695,2792.174328349748,196.79508475442884,1034.6605333378034,531.0863679073872,64140.49486969479
58,3057.0,49.92027777777778,321.5189163942083,1.382117380025942,0.319574381608336,1.5767916392252026,1.4716912438502,0.5647763124206407,1217.4592711718383,844.3440616161728,804.5934375199693,1031.0624641274592,84.59972677595628,157335.2091080481,1225.532573126437,379316.37344698166,69023.41338431808,15000.0,112.0,23.0,81.0,39.0,11937.0,629405.2666666667,23375.383333333335,11854.85,157827.56666666668,60664.45,127987.2,0.0,0.0,0.5004103902203649,1.1179245283018868,4.975495455165548,0.0,0.0,0.0,1.1583735203857957,5147.57935215634,0.0,0.0,0.0,0.0,0.0,0.0,0.0,0.0,0.0,0.0,0.0,0.0,0.0,0.0,0.0,0.0,4819.603888888889,64.81666666666666,8.816666666666666,52.733333333333334,31.066666666666666,11000.836666666666,14368.125203743499,2792.174328349749,196.79508475442884,1034.6605333378034,531.0863679073871,64468.69706996911
59,3000.75,47.21888888888889,320.015662078785,1.7502929687499982,0.30155136703936664,1.4386707641994505,1.412843481216229,0.5540893702088732,1014.2431854636126,808.6743003574344,863.948148425304,904.6576693618078,80.7776508226691,157335.20910804812,1186.245976341796,380768.98650114157,69270.29982926017,15000.0,112.0,23.0,81.0,39.0,11941.0,559599.9666666667,22123.65,10811.333333333334,147846.4,58654.583333333336,127120.6,0.0,0.0,0.5009593237847908,1.1074380165289257,4.493812698078488,0.0,0.0,0.0,1.1398026315789473,3993.058435044202,0.0,0.0,0.0,0.0,0.0,0.0,0.0,0.0,0.0,0.0,0.0,0.0,0.0,0.0,0.0,0.0,4665.7925,64.81666666666666,8.816666666666666,52.733333333333334,31.066666666666666,9790.433611111112,13907.52974197571,2792.174328349748,196.79508475442884,1034.6605333378034,531.0863679073872,64715.583514911166
60,3030.75,51.62916666666667,321.82194328219435,1.4671184738955827,0.30913824175445603,1.450108129660226,1.4672231874383541,0.548757498183163,1206.2641987731106,944.8161427541254,921.2911990853672,1068.9332061163852,87.52448512585812,157335.20910804812,1239.5689321812768,376496.50941544474,68544.14865241216,15000.0,112.0,23.0,81.0,39.0,11928.0,632960.3666666667,22865.883333333335,11123.65,164415.53333333333,60206.15,125173.0,0.0,0.0,0.4842436148997861,1.1174351585014408,4.850345766406823,0.0,0.0,0.0,1.1612478031634446,5187.889160351522,0.0,0.0,0.0,0.0,0.0,0.0,0.0,0.0,0.0,0.0,0.0,0.0,0.0,0.0,0.0,0.0,4873.1483333333335,64.81666666666666,8.816666666666666,52.733333333333334,31.066666666666666,11029.529444444444,14532.687263314265,2792.174328349748,196.79508475442884,1034.6605333378034,531.0863679073872,63989.43233806294
61,3059.25,49.78527777777778,320.874053030303,1.5979846449136264,0.31438831734421935,1.4812284820113604,1.421711143748514,0.5554639618575369,1183.963386228607,746.7833817822179,774.8101604569179,962.1043399950888,83.97979334098737,157335.2091080481,1191.2123892653276,381042.5160189565,69316.78896829564,15000.0,112.0,23.0,81.0,39.0,11972.0,590261.05,22680.5,11295.5,147312.03333333333,57407.75,130046.16666666667,0.0,0.0,0.5070894989634834,1.1016260162601625,4.641212843287719,0.0,0.0,0.0,1.1468871595330739,4495.6997798326065,0.0,0.0,0.0,0.0,0.0,0.0,0.0,0.0,0.0,0.0,0.0,0.0,0.0,0.0,0.0,0.0,4677.677222222223,64.81666666666666,8.816666666666666,52.733333333333334,31.066666666666666,10307.596666666666,13965.755891376826,2792.174328349748,196.79508475442884,1034.6605333378034,531.0863679073872,64762.07265394654
62,3035.25,49.361666666666665,317.28457196613357,1.2742642026009627,0.2972333281382866,1.3985957241153235,1.3924037430161438,0.5648501016755267,1124.5263487689058,853.5444400722997,851.7019973285618,975.1913318017071,83.03417836124943,157335.20910804815,1223.3077713573023,376794.2703007304,68594.75616017226,15000.0,112.0,23.0,81.0,39.0,11923.0,587098.1,23827.45,10132.983333333334,151719.93333333332,61349.916666666664,129754.31666666667,0.0,0.0,0.4857746092230058,1.0978552278820375,4.5653476997447076,0.0,0.0,0.0,1.1496278458844134,4449.310451345288,0.0,0.0,0.0,0.0,0.0,0.0,0.0,0.0,0.0,0.0,0.0,0.0,0.0,0.0,0.0,0.0,4805.911388888889,64.81666666666666,8.816666666666666,52.733333333333334,31.066666666666666,10257.261666666667,14342.041661719923,2792.174328349749,196.79508475442884,1034.6605333378034,531.0863679073872,64040.03984582318
63,2914.5,46.97138888888889,318.2859894077997,1.6415676567656756,0.29466382405512614,1.4132424396268661,1.427610535192831,0.5142235904095016,1089.2363599599037,762.2546138115988,792.0904877195836,920.0427171506796,81.68625174175568,157335.20910804812,1182.0343585282226,379192.5632967485,69002.37058303556,15000.0,112.0,23.0,81.0,39.0,11993.0,565792.0666666667,22376.133333333335,10733.283333333333,149315.06666666668,59195.35,123074.11666666667,0.0,0.0,0.48186322268099724,1.0844327176781003,4.504753309315829,0.0,0.0,0.0,1.1317811934900543,4097.2569003776935,0.0,0.0,0.0,0.0,0.0,0.0,0.0,0.0,0.0,0.0,0.0,0.0,0.0,0.0,0.0,0.0,4646.822222222222,64.81666666666666,8.816666666666666,52.733333333333334,31.066666666666666,9893.791944444445,13858.152798936711,2792.174328349749,196.79508475442884,1034.6605333378036,531.0863679073872,64447.65426868672
64,2980.5,47.92194444444444,320.57256554307116,1.429536679536681,0.31605635335648014,1.503582542141324,1.4292086829942174,0.5388862911652907,1023.8335888984863,840.1093219695189,836.8651574356123,930.482200617531,81.63891444342227,157335.20910804812,1207.7650261093233,378587.7347062793,68899.57377829056,15000.0,112.0,23.0,81.0,39.0,11941.0,591513.6333333333,22043.083333333332,11575.616666666667,150621.83333333334,58654.333333333336,129566.68333333333,0.0,0.0,0.4869583037435398,1.1023054755043227,4.858048531060461,0.0,0.0,0.0,1.1409749670619236,4509.737065659634,0.0,0.0,0.0,0.0,0.0,0.0,0.0,0.0,0.0,0.0,0.0,0.0,0.0,0.0,0.0,0.0,4746.935555555556,64.81666666666666,8.816666666666666,52.733333333333334,31.066666666666666,10338.409444444444,14159.818753386195,2792.174328349748,196.79508475442884,1034.6605333378034,531.0863679073872,64344.85746394142
65,3037.5,49.470555555555556,319.1488479262673,1.77229907773386,0.3138701225876738,1.458065017217391,1.5572960272311132,0.5456213998561241,1309.3291933553562,1057.6506054577635,863.0849555940663,1173.9975976332248,83.75567270226908,157335.20910804815,1249.4099572697928,376597.09275182657,68561.24381913152,15000.0,112.0,23.0,81.0,39.0,11924.0,668519.8833333333,22659.083333333332,12008.616666666667,160818.9,59678.45,131220.1,0.0,0.0,0.49506701293692207,1.1127717391304348,4.931206858360914,0.0,0.0,0.0,1.1486013986013985,5770.524302811086,0.0,0.0,0.0,0.0,0.0,0.0,0.0,0.0,0.0,0.0,0.0,0.0,0.0,0.0,0.0,0.0,4915.794444444445,64.81666666666666,8.816666666666666,52.733333333333334,31.066666666666666,11630.186944444444,14648.063291422823,2792.174328349748,196.79508475442884,1034.6605333378034,531.0863679073872,64006.527504782476
66,3026.25,48.70861111111111,320.44827586206895,1.380689102564104,0.32151064679973373,1.5642323415511212,1.4380331875009793,0.5523082162098237,1238.2054058098374,787.3188679953618,789.8949618234178,1007.8726969853462,82.29938622414186,157335.2091080481,1190.578091632703,382298.84876019956,69530.31556662933,15000.0,112.0,23.0,81.0,39.0,11945.0,607201.1666666666,24645.55,11545.75,150726.2,57045.083333333336,126116.06666666667,0.0,0.0,0.5196360315589794,1.130921052631579,4.862182984419095,0.0,0.0,0.0,1.1473707467962881,4770.0375031212025,0.0,0.0,0.0,0.0,0.0,0.0,0.0,0.0,0.0,0.0,0.0,0.0,0.0,0.0,0.0,0.0,4682.223333333333,64.81666666666666,8.816666666666666,52.733333333333334,31.066666666666666,10615.155833333334,13958.319395601882,2792.174328349749,196.79508475442884,1034.6605333378034,531.0863679073872,64975.599252280386
67,2940.75,48.37916666666667,320.7071090047393,1.574135681669928,0.30151277052258074,1.477709505876373,1.3929469991415782,0.5304148848137268,1249.8837874062087,731.3234113390913,777.0108231883075,983.9079970501564,83.84649122807018,157335.20910804806,1203.6412799379066,379685.60599563154,69086.1682322331,15000.0,112.0,23.0,81.0,39.0,11970.0,593439.8833333333,21878.45,10864.733333333334,154707.28333333333,57219.01666666667,127563.43333333333,0.0,0.0,0.4889683307683089,1.096638655462185,4.574571530297123,0.0,0.0,0.0,1.1400939177101967,4524.336939768969,0.0,0.0,0.0,0.0,0.0,0.0,0.0,0.0,0.0,0.0,0.0,0.0,0.0,0.0,0.0,0.0,4732.926111111111,64.81666666666666,8.816666666666666,52.733333333333334,31.066666666666666,10350.869166666667,14111.472016140227,2792.174328349748,196.79508475442884,1034.6605333378034,531.0863679073872,64531.45191788414
68,3007.5,49.094166666666666,319.70515854235686,1.3351512226512257,0.3058071483100874,1.4147507117804337,1.4480373394035904,0.5455200638924685,997.6709483863733,795.8716526778867,791.5800313114908,884.7269335480703,83.24451052150046,157335.20910804815,1204.3317285079129,377883.79861080996,68779.93263946124,15000.0,112.0,23.0,81.0,39.0,11966.0,554913.55,22301.166666666668,10720.816666666668,152729.26666666666,58946.15,126236.7,0.0,0.0,0.48167905513529125,1.1020833333333333,4.584910955456612,0.0,0.0,0.0,1.1460711150131695,3911.721833690176,0.0,0.0,0.0,0.0,0.0,0.0,0.0,0.0,0.0,0.0,0.0,0.0,0.0,0.0,0.0,0.0,4737.200833333333,64.81666666666666,8.816666666666666,52.733333333333334,31.066666666666666,9703.534166666666,14119.566824648833,2792.174328349749,196.79508475442884,1034.6605333378034,531.0863679073872,64225.21632511221
69,3039.75,49.12833333333333,317.7999069334574,1.6440452755905506,0.30223178955717594,1.4112122302947616,1.3953644093190696,0.5753401972145726,1053.934799860035,814.5323563432012,863.206812738529,933.1400552359746,83.42398725534821,157335.20910804806,1207.131552158849,377762.13891532505,68759.2553299573,15000.0,112.0,23.0,81.0,39.0,11926.0,583585.35,22015.65,10623.4,150873.36666666667,59141.3,129737.61666666667,0.0,0.0,0.4953398402305682,1.1008064516129032,4.476595626984563,0.0,0.0,0.0,1.1406114483954901,4384.980642896384,0.0,0.0,0.0,0.0,0.0,0.0,0.0,0.0,0.0,0.0,0.0,0.0,0.0,0.0,0.0,0.0,4747.156111111111,64.81666666666666,8.816666666666666,52.733333333333334,31.066666666666666,10200.405277777778,14152.391914448297,2792.174328349749,196.79508475442884,1034.6605333378034,531.0863679073872,64204.53901560848
70,3016.5,48.05027777777778,319.7203471552555,1.4645294897282979,0.30438590675240657,1.4653861324302775,1.3966555584800808,0.5240637076266482,1055.0342762592284,691.0036277207289,757.7335446509094,866.9773216433114,80.65459102301207,157335.2091080481,1173.845912872595,377960.0259510193,68792.88825553382,15000.0,112.0,23.0,81.0,39.0,11974.0,546379.9166666666,22486.283333333333,10887.5,143195.48333333334,57608.816666666666,128747.55,0.0,0.0,0.48168268388958074,1.0987903225806452,4.665973363604209,0.0,0.0,0.0,1.1362745098039215,3804.103825743818,0.0,0.0,0.0,0.0,0.0,0.0,0.0,0.0,0.0,0.0,0.0,0.0,0.0,0.0,0.0,0.0,4614.225555555556,64.81666666666666,8.816666666666666,52.733333333333334,31.066666666666666,9565.935277777779,13762.151586905358,2792.174328349748,196.79508475442884,1034.6605333378034,531.0863679073872,64238.171941185195
71,3114.75,51.74444444444445,321.828701594533,1.5858399734395752,0.3080444086178417,1.4350965357469074,1.4465258782935713,0.6078891731393951,1137.511641012268,928.8079464796667,892.750957909674,1028.082697737662,87.04081632653062,157335.20910804812,1230.0867178271683,379209.45779968554,69005.24197659659,15000.0,112.0,23.0,81.0,39.0,11877.0,608155.1666666666,21956.233333333334,10771.783333333333,153603.91666666666,60398.38333333333,133381.56666666668,0.0,0.0,0.5138183068696265,1.1077235772357723,4.609131607127227,0.0,0.0,0.0,1.1544368600682593,4796.291363473343,0.0,0.0,0.0,0.0,0.0,0.0,0.0,0.0,0.0,0.0,0.0,0.0,0.0,0.0,0.0,0.0,4838.275277777778,64.81666666666666,8.816666666666666,52.733333333333334,31.066666666666666,10605.808611111112,14421.517926785684,2792.174328349748,196.79508475442884,1034.6605333378034,531.0863679073872,64450.52566224754
72,3059.25,49.102222222222224,317.59234766178554,1.3467432950191625,0.3105966856420315,1.458345876178251,1.4123784180543608,0.5402588145868285,1213.5755893076328,791.1955353970452,837.6246880456081,999.8929939268205,82.84060592358128,157335.20910804806,1194.0578569319061,378010.2276272601,68801.42054384243,15000.0,112.0,23.0,81.0,39.0,11957.0,598164.2833333333,22291.783333333333,10990.833333333334,147088.23333333334,57731.01666666667,130938.98333333334,0.0,0.0,0.4892719296201926,1.1313920454545454,4.591832127792369,0.0,0.0,0.0,1.1410806174957118,4633.670782689207,0.0,0.0,0.0,0.0,0.0,0.0,0.0,0.0,0.0,0.0,0.0,0.0,0.0,0.0,0.0,0.0,4692.481388888889,64.81666666666666,8.816666666666666,52.733333333333334,31.066666666666666,10439.891944444444,13999.116110919818,2792.1743283497476,196.79508475442884,1034.6605333378034,531.0863679073872,64246.704229493516
73,3032.25,50.7425,317.5291647223518,1.8005045233124566,0.29331482595282693,1.385788667009275,1.3935536493848186,0.5340336050487946,1218.172513197949,905.2972645164076,797.1558707523737,1052.0394520473055,86.00160808637722,157335.20910804815,1235.3575089595945,374754.2730549938,68248.03776448591,15000.0,112.0,23.0,81.0,39.0,11949.0,609828.0666666667,21306.666666666668,10098.133333333333,155771.71666666667,61327.78333333333,131190.68333333332,0.0,0.0,0.4835145212819957,1.1050295857988166,4.517707739856152,0.0,0.0,0.0,1.1539713541666667,4819.2173899200325,0.0,0.0,0.0,0.0,0.0,0.0,0.0,0.0,0.0,0.0,0.0,0.0,0.0,0.0,0.0,0.0,4857.591666666666,64.81666666666666,8.816666666666666,52.733333333333334,31.066666666666666,10605.65361111111,14483.312601667667,2792.174328349748,196.79508475442884,1034.6605333378034,531.0863679073872,63693.32145013683
74,2999.25,47.84638888888889,318.35809523809525,1.3870711974110042,0.30702181618744445,1.4786562088256188,1.411770698025966,0.5501605965463309,1131.4113794905936,782.0562382235616,863.633694349061,948.9743964016632,81.34731774415405,157335.2091080481,1182.5005877281237,381368.6271536239,69372.21489088619,15000.0,112.0,23.0,81.0,39.0,11948.0,579637.2166666667,22257.883333333335,11008.966666666667,147009.55,58347.95,129038.33333333333,0.0,0.0,0.5012248625128969,1.1217579250720462,4.611206089444627,0.0,0.0,0.0,1.1422319474835887,4313.879443642561,0.0,0.0,0.0,0.0,0.0,0.0,0.0,0.0,0.0,0.0,0.0,0.0,0.0,0.0,0.0,0.0,4647.459722222222,64.81666666666666,8.816666666666666,52.733333333333334,31.066666666666666,10144.104722222222,13863.618862968568,2792.174328349749,196.79508475442884,1034.6605333378034,531.0863679073872,64817.498576537095
75,3097.5,50.55638888888889,317.3681754549697,1.7428571428571409,0.3107343155927142,1.490721705956548,1.4218466364374227,0.5433877813603977,1200.1230283800776,806.2028018168957,777.6316880404829,996.0355941684152,84.65081892629664,157335.20910804806,1221.31881662213,379793.1110600197,69104.43981741808,15000.0,112.0,23.0,81.0,39.0,11920.0,588584.9833333333,22512.4,10985.416666666666,153412.95,60431.683333333334,129968.06666666667,0.0,0.0,0.5015124527710256,1.0995934959349594,4.753066252919943,0.0,0.0,0.0,1.1642517301038062,4495.44064834678,0.0,0.0,0.0,0.0,0.0,0.0,0.0,0.0,0.0,0.0,0.0,0.0,0.0,0.0,0.0,0.0,4801.026944444445,64.81666666666666,8.816666666666666,52.733333333333334,31.066666666666666,10283.295555555556,14318.72318672696,2792.174328349749,196.79508475442884,1034.6605333378034,531.0863679073871,64549.72350306896
76,2967.0,48.714166666666664,318.22830188679245,1.3676666666666706,0.3062288801549134,1.4338987364019693,1.4283658579461522,0.541352802631308,974.8425119624834,755.2812020981617,788.528830822122,860.1805890702956,84.27766130910786,157335.20910804812,1217.2240086287986,378293.23908275785,68849.52123516134,15000.0,112.0,23.0,81.0,39.0,11962.0,553595.8,20275.25,10725.0,154935.5,60185.88333333333,127253.06666666667,0.0,0.0,0.48521420080869304,1.0959821428571428,4.734605429281511,0.0,0.0,0.0,1.1519281914893618,3889.449896912853,0.0,0.0,0.0,0.0,0.0,0.0,0.0,0.0,0.0,0.0,0.0,0.0,0.0,0.0,0.0,0.0,4783.899444444444,64.81666666666666,8.816666666666666,52.733333333333334,31.066666666666666,9668.600277777778,14270.715720239596,2792.174328349748,196.79508475442884,1034.6605333378034,531.0863679073872,64294.80492081244
77,2993.25,49.441944444444445,316.77138783269965,1.522061657032756,0.30358639075629973,1.4577256088533599,1.3778546453369456,0.5397559158075944,999.3453854146883,835.5198562033675,915.0710038833494,914.6533259345273,84.72994039431454,157335.20910804806,1187.9879094597486,377213.9880651467,68666.09148683627,15000.0,112.0,23.0,81.0,39.0,11947.0,565488.0666666667,21507.85,10895.2,145559.83333333334,58845.71666666667,129831.03333333334,0.0,0.0,0.4780412710708283,1.093839541547278,4.552723055567786,0.0,0.0,0.0,1.1479120879120879,4109.84227786581,0.0,0.0,0.0,0.0,0.0,0.0,0.0,0.0,0.0,0.0,0.0,0.0,0.0,0.0,0.0,0.0,4668.648888888889,64.81666666666666,8.816666666666666,52.733333333333334,31.066666666666666,9890.205555555556,13927.952139294335,2792.174328349748,196.79508475442884,1034.6605333378036,531.0863679073871,64111.375172487446
78,3024.0,49.118611111111115,319.7617715617716,1.4322666666666686,0.31072969377248466,1.50268807438655,1.4325767168636294,0.5635601243659762,1157.7738212975598,860.883271871523,846.2684298555615,1004.914482585747,83.83840695811398,157335.2091080481,1214.7212768472696,377992.8753846613,68798.47135274413,15000.0,112.0,23.0,81.0,39.0,11934.0,604978.5833333334,21386.216666666667,11209.85,152542.26666666666,60385.916666666664,129380.9,0.0,0.0,0.4920985486263533,1.1140350877192982,4.872159296777165,0.0,0.0,0.0,1.146637744034707,4742.358929069238,0.0,0.0,0.0,0.0,0.0,0.0,0.0,0.0,0.0,0.0,0.0,0.0,0.0,0.0,0.0,0.0,4776.672222222222,64.81666666666666,8.816666666666666,52.733333333333334,31.066666666666666,10552.0725,14241.373730987829,2792.1743283497476,196.79508475442884,1034.6605333378034,531.0863679073872,64243.75503839546
79,3080.25,49.694722222222225,320.34200743494426,1.716989137813981,0.30134565097913085,1.4227646078181513,1.4055449608863262,0.5589588207004381,1153.7694781392554,852.9745977305867,878.403017787288,996.9181700441023,83.54621468926554,157335.2091080481,1223.486696779404,377381.0160229268,68694.47959651578,15000.0,112.0,23.0,81.0,39.0,11928.0,599540.25,22799.283333333333,10694.75,154592.91666666666,60205.48333333333,131320.3,0.0,0.0,0.4924205781500531,1.095821325648415,4.612850238466239,0.0,0.0,0.0,1.1508951406649617,4672.2231569400265,0.0,0.0,0.0,0.0,0.0,0.0,0.0,0.0,0.0,0.0,0.0,0.0,0.0,0.0,0.0,0.0,4811.133055555556,64.81666666666666,8.816666666666666,52.733333333333334,31.066666666666666,10490.426111111112,14344.13938064085,2792.174328349748,196.79508475442884,1034.6605333378034,531.0863679073871,64139.76328216683
80,3050.25,48.49194444444444,321.6399253731343,1.3760752688172089,0.31653694412629996,1.484879001855304,1.4515655515605963,0.535344818696137,1055.7126517004115,796.7124122958722,818.9776556635978,925.2661518298826,82.68516395322173,157335.20910804806,1207.9851416190288,376821.4037046965,68599.3677596791,15000.0,112.0,23.0,81.0,39.0,11946.0,575291.05,21033.216666666667,11429.5,151956.95,59131.05,127951.35,0.0,0.0,0.48247071188877505,1.0920679886685551,4.756620343850051,0.0,0.0,0.0,1.1595953002610966,4253.654114662377,0.0,0.0,0.0,0.0,0.0,0.0,0.0,0.0,0.0,0.0,0.0,0.0,0.0,0.0,0.0,0.0,4746.090277777777,64.81666666666666,8.816666666666666,52.733333333333334,31.066666666666666,10039.537777777778,14162.399384266177,2792.174328349748,196.79508475442884,1034.6605333378034,531.0863679073872,64044.65144533016
81,2958.75,48.73305555555555,320.9894585529468,1.5989102564102557,0.3049513807737192,1.4510394278248886,1.4424247368471284,0.5450205696660629,1056.0535744371123,721.0901873322592,746.8466672899165,881.0134067690649,83.66025492468134,157335.20910804812,1195.9244820192623,377535.7889090746,68720.78483143366,15000.0,112.0,23.0,81.0,39.0,11982.0,558971.0166666667,21015.066666666666,11128.183333333334,151093.78333333333,58974.36666666667,127485.76666666666,0.0,0.0,0.481828362912231,1.089943342776204,4.604823725449263,0.0,0.0,0.0,1.1404519273371732,3996.3747034830085,0.0,0.0,0.0,0.0,0.0,0.0,0.0,0.0,0.0,0.0,0.0,0.0,0.0,0.0,0.0,0.0,4703.091388888889,64.81666666666666,8.816666666666666,52.733333333333334,31.066666666666666,9783.640277777778,14021.000394986784,2792.174328349748,196.79508475442884,1034.6605333378034,531.0863679073872,64166.068517084364
82,3067.5,49.87444444444444,321.4004608294931,1.5073105298457445,0.30316861628957326,1.416385922314037,1.4666225284983878,0.5546066442546653,1085.2438780072966,907.2849883289651,808.6693072341322,988.040790713792,83.84813296903461,157335.20910804812,1228.186238529799,378422.6635021182,68871.51823890115,15000.0,112.0,23.0,81.0,39.0,11922.0,600524.8166666667,22576.583333333332,10735.783333333333,152724.18333333332,62359.23333333333,129851.6,0.0,0.0,0.5024994438062893,1.089943342776204,4.609886965692308,0.0,0.0,0.0,1.154367469879518,4682.48998065778,0.0,0.0,0.0,0.0,0.0,0.0,0.0,0.0,0.0,0.0,0.0,0.0,0.0,0.0,0.0,0.0,4830.85,64.81666666666666,8.816666666666666,52.733333333333334,31.066666666666666,10478.908333333333,14399.236736476674,2792.174328349748,196.79508475442884,1034.6605333378034,531.0863679073872,64316.801924552245
83,2981.25,49.98638888888889,318.0341232227488,1.6416833000665318,0.2956590480171859,1.3779723590153565,1.4119333219954604,0.5296536599127037,1016.720740206098,728.4530878753623,774.561582166181,867.2716598583739,84.70448307410796,157335.2091080481,1199.167249562588,376561.33210518176,68555.16593149772,15000.0,112.0,23.0,81.0,39.0,11946.0,549924.95,21201.133333333335,10418.833333333334,149612.73333333334,59111.0,129258.55,0.0,0.0,0.47569459386863866,1.1142857142857143,4.484014940399594,0.0,0.0,0.0,1.148094816127603,3843.9407235278377,0.0,0.0,0.0,0.0,0.0,0.0,0.0,0.0,0.0,0.0,0.0,0.0,0.0,0.0,0.0,0.0,4715.803611111111,64.81666666666666,8.816666666666666,52.733333333333334,31.066666666666666,9615.44611111111,14059.018552227892,2792.174328349748,196.79508475442884,1034.6605333378034,531.0863679073872,64000.449617148835
84,3021.0,48.63472222222222,323.50138504155126,1.4878278950735777,0.3122888250935972,1.488485268561042,1.4498139449139014,0.5541874518866364,1241.4684156944359,830.4317875615789,849.869067015551,1023.5862432059606,83.05714285714286,157335.2091080481,1228.139368906495,376433.2653632416,68533.39967892053,15000.0,112.0,23.0,81.0,39.0,11904.0,593793.6333333333,21706.216666666667,11509.0,155747.68333333332,60420.51666666667,129995.41666666667,0.0,0.0,0.48741372402622274,1.065217391304348,4.734332634818772,0.0,0.0,0.0,1.155705574912892,4606.422423938824,0.0,0.0,0.0,0.0,0.0,0.0,0.0,0.0,0.0,0.0,0.0,0.0,0.0,0.0,0.0,0.0,4827.932777777778,64.81666666666666,8.816666666666666,52.733333333333334,31.066666666666666,10377.10638888889,14398.687237727585,2792.174328349748,196.79508475442884,1034.6605333378034,531.0863679073872,63978.68336457182
85,3035.25,47.77027777777778,321.69679849340866,1.7227380952380944,0.30496811692873316,1.4382493065482957,1.4255263115635082,0.5327536977399139,1301.9778757666281,742.1543607108847,715.3011466324702,1017.5299148958862,80.04074664238561,157335.20910804818,1202.6662864534842,381387.7352354584,69375.46250481963,15000.0,112.0,23.0,81.0,39.0,11951.0,615742.85,22657.983333333334,10803.733333333334,150546.58333333334,58961.73333333333,129004.03333333334,0.0,0.0,0.49545079660231384,1.1131123919308357,4.717987753987389,0.0,0.0,0.0,1.1413183972425678,4853.052399656212,0.0,0.0,0.0,0.0,0.0,0.0,0.0,0.0,0.0,0.0,0.0,0.0,0.0,0.0,0.0,0.0,4730.620277777778,64.81666666666666,8.816666666666666,52.733333333333334,31.066666666666666,10730.362222222222,14100.041207392778,2792.174328349749,196.79508475442884,1034.6605333378034,531.0863679073871,64820.74619047076
86,3048.75,48.215833333333336,320.65696564885496,1.458208955223883,0.31447487464540236,1.487445319039919,1.4674993106985144,0.5645376034323563,1081.0246588568743,755.734148670611,795.8827671214362,910.1461911199973,83.2526558891455,157335.20910804812,1193.362318668368,381666.3645346146,69422.81840385028,15000.0,112.0,23.0,81.0,39.0,11970.0,565355.75,22860.35,11246.283333333333,149917.15,57460.76666666667,127823.35,0.0,0.0,0.5086856395539002,1.0956873315363882,4.593141699852103,0.0,0.0,0.0,1.1588815789473683,4085.545124583099,0.0,0.0,0.0,0.0,0.0,0.0,0.0,0.0,0.0,0.0,0.0,0.0,0.0,0.0,0.0,0.0,4695.242222222222,64.81666666666666,8.816666666666666,52.733333333333334,31.066666666666666,9889.59888888889,13990.961630921807,2792.174328349748,196.79508475442884,1034.6605333378034,531.0863679073872,64868.102089501364
87,3102.75,48.721944444444446,320.078477443609,1.6747875816993463,0.313217766688977,1.472762577357442,1.4690424716639576,0.5642069374181926,1056.2068727612875,835.8288228844744,902.0878147798885,936.3072067473803,81.91711711711712,157335.20910804812,1204.9722760438967,379520.9730630334,69058.18718157893,15000.0,112.0,23.0,81.0,39.0,11937.0,583036.6,23485.116666666665,11152.45,154535.88333333333,57000.38333333333,127292.1,0.0,0.0,0.5002395456532013,1.0959944751381216,4.755588836709601,0.0,0.0,0.0,1.1539445628997869,4377.236191544003,0.0,0.0,0.0,0.0,0.0,0.0,0.0,0.0,0.0,0.0,0.0,0.0,0.0,0.0,0.0,0.0,4737.823611111111,64.81666666666666,8.816666666666666,52.733333333333334,31.066666666666666,10194.814722222221,14127.076594195354,2792.174328349749,196.79508475442884,1034.6605333378034,531.0863679073872,64503.47086722968
88,3061.5,48.91694444444445,316.4737087017217,1.3746426250812227,0.3086409186171963,1.4143565482981426,1.4314506256293775,0.564305872243376,1020.8265656644626,871.7196474302009,878.3193619636069,938.4938743946052,82.85,157335.20910804812,1217.1786959689994,377542.6694195642,68721.95424456039,15000.0,112.0,23.0,81.0,39.0,11924.0,569875.3166666667,22772.2,10948.666666666666,151558.61666666667,60369.666666666664,130716.53333333334,0.0,0.0,0.4874734999688804,1.0980662983425415,4.609619792197961,0.0,0.0,0.0,1.15625,4196.3710822583225,0.0,0.0,0.0,0.0,0.0,0.0,0.0,0.0,0.0,0.0,0.0,0.0,0.0,0.0,0.0,0.0,4785.473333333333,64.81666666666666,8.816666666666666,52.733333333333334,31.066666666666666,9967.3525,14270.184475306996,2792.174328349749,196.79508475442884,1034.6605333378034,531.0863679073872,64167.23793021171
89,3072.75,50.242777777777775,319.30406043437205,1.5745579567779964,0.3165669356421534,1.4816777418861635,1.4572796259335274,0.5403474581078113,1052.6005436146434,769.1528177689987,779.3178469403568,901.8976288432491,83.48011748757342,157335.20910804812,1192.577602019112,379218.71985942207,69006.81615837416,15000.0,112.0,23.0,81.0,39.0,11960.0,566881.45,22980.3,11406.183333333332,147878.71666666667,57699.816666666666,129750.7,0.0,0.0,0.4901283036871007,1.0873983739837398,4.873956571198548,0.0,0.0,0.0,1.1450921560222889,4152.988053704039,0.0,0.0,0.0,0.0,0.0,0.0,0.0,0.0,0.0,0.0,0.0,0.0,0.0,0.0,0.0,0.0,4689.897222222222,64.81666666666666,8.816666666666666,52.733333333333334,31.066666666666666,9918.18,13981.7616248891,2792.174328349749,196.79508475442884,1034.6605333378034,531.0863679073872,64452.099844025484
90,3018.0,48.86833333333333,321.6852026390198,1.3923836838750814,0.3094540044830166,1.4929271718043682,1.4641950742623113,0.5411145111894913,1058.3297923918212,799.1951374663083,833.5483473259152,917.9064796921575,81.95507411630558,157335.20910804812,1190.6407743348477,380513.71609543066,69226.91401306858,15000.0,112.0,23.0,81.0,39.0,11944.0,565524.35,21591.966666666667,11194.5,149108.98333333334,56622.6,129254.86666666667,0.0,0.0,0.49561421611196743,1.0918508287292819,4.653474262016723,0.0,0.0,0.0,1.1463068181818181,4081.369172342324,0.0,0.0,0.0,0.0,0.0,0.0,0.0,0.0,0.0,0.0,0.0,0.0,0.0,0.0,0.0,0.0,4684.759722222222,64.81666666666666,8.816666666666666,52.733333333333334,31.066666666666666,9886.061666666666,13959.054286646366,2792.174328349748,196.79508475442884,1034.6605333378034,531.0863679073872,64672.19769871941
91,3012.0,49.51277777777778,323.5228119180633,1.592883895131085,0.3048036504617085,1.4622862955012645,1.4157113759139925,0.5647319676642997,1001.8963087921153,788.2792650103002,878.7118916860827,885.8085733165683,85.86620530565168,157335.20910804812,1211.008018841746,375951.99296767,68451.60251315044,15000.0,112.0,23.0,81.0,39.0,11909.0,549406.0,21494.45,11262.383333333333,152617.91666666666,58414.23333333333,130439.36666666667,0.0,0.0,0.4715275939551948,1.0889830508474576,4.527657865419106,0.0,0.0,0.0,1.149956217162872,3872.70587095263,0.0,0.0,0.0,0.0,0.0,0.0,0.0,0.0,0.0,0.0,0.0,0.0,0.0,0.0,0.0,0.0,4763.1075,64.81666666666666,8.816666666666666,52.733333333333334,31.066666666666666,9625.493888888888,14197.839550740797,2792.174328349748,196.79508475442884,1034.6605333378034,531.0863679073872,63896.88619880133
92,3116.25,49.26444444444444,319.5142212189616,1.3157333333333405,0.3142379163294351,1.4521077765875268,1.5060646007069358,0.565621051092979,1177.2727918565295,987.9825295820658,914.6587089003805,1073.83297466532,82.76196898179366,157335.20910804812,1252.0238875919608,375734.68161518144,68414.66822627545,15000.0,112.0,23.0,81.0,39.0,11873.0,618445.5666666667,22723.683333333334,11137.516666666666,157446.41666666666,58837.8,136053.85,0.0,0.0,0.49483556391993094,1.1071428571428572,4.90791126437868,0.0,0.0,0.0,1.1544336020364871,4990.937036694481,0.0,0.0,0.0,0.0,0.0,0.0,0.0,0.0,0.0,0.0,0.0,0.0,0.0,0.0,0.0,0.0,4927.486666666667,64.81666666666666,8.816666666666666,52.733333333333334,31.066666666666666,10775.689722222221,14678.708970669755,2792.174328349748,196.79508475442884,1034.6605333378034,531.0863679073872,63859.95191192665
93,3102.0,50.05916666666667,322.5884792626728,1.7584798177083325,0.31341847357155156,1.4850662655204052,1.4546301992903874,0.5523416455165321,1110.8398084679445,971.8548471716672,902.8235636198292,1034.2661573321543,84.27141242937853,157335.2091080481,1228.0325604568286,377456.0628727845,68707.23457618001,15000.0,112.0,23.0,81.0,39.0,11921.0,603359.3833333333,23266.0,11386.016666666666,157828.46666666667,59367.13333333333,128283.9,0.0,0.0,0.4946273083787891,1.1159029649595686,4.758017850047117,0.0,0.0,0.0,1.1531531531531531,4746.994365999774,0.0,0.0,0.0,0.0,0.0,0.0,0.0,0.0,0.0,0.0,0.0,0.0,0.0,0.0,0.0,0.0,4828.911666666667,64.81666666666666,8.816666666666666,52.733333333333334,31.066666666666666,10540.376666666667,14397.435017092108,2792.174328349748,196.79508475442884,1034.6605333378034,531.0863679073871,64152.51826183043
94,3005.25,48.39611111111111,319.4906542056075,1.5732686084142407,0.30230062560914106,1.4821064545844218,1.436091850286248,0.5531322888016927,990.9665931077107,850.0376077172853,883.7209706823678,916.305704529111,83.45866912272622,157335.2091080481,1204.9073663314844,376546.0023178101,68552.56047735114,15000.0,112.0,23.0,81.0,39.0,11941.0,570162.9166666666,21921.566666666666,11137.433333333332,149495.73333333334,59763.7,130486.2,0.0,0.0,0.47523388428172336,1.0826086956521739,4.646847840960606,0.0,0.0,0.0,1.1502403846153846,4210.933771036003,0.0,0.0,0.0,0.0,0.0,0.0,0.0,0.0,0.0,0.0,0.0,0.0,0.0,0.0,0.0,0.0,4738.416666666667,64.81666666666666,8.816666666666666,52.733333333333334,31.066666666666666,9976.457222222221,14126.315593716598,2792.174328349749,196.79508475442884,1034.6605333378034,531.0863679073872,63997.84416300221
95,3037.5,50.70305555555556,317.29422632794456,1.464182692307693,0.30877896765857493,1.4733275428116341,1.463788311971544,0.5442693829512543,1053.8736488827797,843.0107401447339,830.694059664858,945.3687854474025,85.5349474645957,157335.20910804806,1220.7269744968482,377173.17190742644,68659.1543633896,15000.0,112.0,23.0,81.0,39.0,11922.0,585452.3833333333,21697.0,11151.933333333332,152907.55,59841.6,131641.28333333333,0.0,0.0,0.4925362503633662,1.0967966573816157,4.654871629470852,0.0,0.0,0.0,1.1590311266988162,4447.434930649225,0.0,0.0,0.0,0.0,0.0,0.0,0.0,0.0,0.0,0.0,0.0,0.0,0.0,0.0,0.0,0.0,4802.701944444444,64.81666666666666,8.816666666666666,52.733333333333334,31.066666666666666,10226.914722222222,14311.784438672912,2792.1743283497476,196.79508475442884,1034.6605333378034,531.0863679073872,64104.43804904084
96,3063.0,48.39055555555556,318.6236457842675,1.5677104042412207,0.3068001695651526,1.4297747816566309,1.4111908593773934,0.5552058738389754,1034.5935770266422,803.9915424671666,826.1325096247906,915.6924188217923,81.3155979990905,157335.20910804803,1200.3295177035468,379013.8696807769,68971.99977543954,15000.0,112.0,23.0,81.0,39.0,11966.0,576008.9333333333,23349.933333333334,10854.133333333333,148905.6,59049.63333333333,129195.41666666667,0.0,0.0,0.4892667395454991,1.0883152173913044,4.637629665994138,0.0,0.0,0.0,1.1506050129645635,4242.199489197181,0.0,0.0,0.0,0.0,0.0,0.0,0.0,0.0,0.0,0.0,0.0,0.0,0.0,0.0,0.0,0.0,4720.604166666667,64.81666666666666,8.816666666666666,52.733333333333334,31.066666666666666,10060.288333333334,14072.644966193295,2792.174328349748,196.79508475442884,1034.6605333378034,531.0863679073872,64417.28346109071
97,3021.0,48.55638888888889,317.9040262172285,1.2937700706486865,0.3037871720975924,1.4363419316065145,1.430902852157858,0.5633448607117452,1000.0957830513502,743.5899810188685,787.3277077776604,856.592313039321,82.29536635471354,157335.2091080481,1197.9177638422693,377362.117161858,68691.26754179092,15000.0,112.0,23.0,81.0,39.0,11935.0,543872.4333333333,21114.616666666665,10815.0,149192.65,58552.75,130103.9,0.0,0.0,0.48044661550056533,1.0930397727272727,4.571678497317619,0.0,0.0,0.0,1.1442057291666667,3735.456311778972,0.0,0.0,0.0,0.0,0.0,0.0,0.0,0.0,0.0,0.0,0.0,0.0,0.0,0.0,0.0,0.0,4709.343055555555,64.81666666666666,8.816666666666666,52.733333333333334,31.066666666666666,9514.31,14044.36960069156,2792.174328349748,196.79508475442884,1034.6605333378034,531.0863679073871,64136.551227441916
98,2980.5,47.32694444444444,316.077578051088,1.5819845857418102,0.2984485410228348,1.3963630061443137,1.394543205908546,0.5304812842316137,945.6238898433141,699.5964681263833,793.7438741066896,812.8627639603387,81.05322580645161,157335.2091080481,1185.610061985483,376936.10610680206,68618.86260601925,15000.0,112.0,23.0,81.0,39.0,11958.0,530553.0,20913.016666666666,10682.883333333333,143443.16666666666,58974.11666666667,130939.86666666667,0.0,0.0,0.4804057376103178,1.079479768786127,4.378782422642824,0.0,0.0,0.0,1.1454305799648505,3519.6957679482666,0.0,0.0,0.0,0.0,0.0,0.0,0.0,0.0,0.0,0.0,0.0,0.0,0.0,0.0,0.0,0.0,4657.036944444444,64.81666666666666,8.816666666666666,52.733333333333334,31.066666666666666,9287.270277777778,13900.074291756939,2792.174328349748,196.79508475442884,1034.6605333378034,531.0863679073872,64064.14629167014
99,3105.0,49.32861111111111,316.2911275415897,1.3441108923884544,0.31310140341770615,1.5282335521904789,1.4424833796561922,0.5755258450795961,1169.6213883873652,850.2146169210263,866.076286000775,1007.9711369692762,82.89113810166442,157335.20910804815,1210.6411502175392,378119.92502565414,68820.06473861309,15000.0,112.0,23.0,81.0,39.0,11905.0,615776.6,23710.55,11338.216666666667,152285.81666666668,58985.85,128899.76666666666,0.0,0.0,0.49377543067207774,1.08203125,4.838803628321665,0.0,0.0,0.0,1.156774193548387,4937.098627272014,0.0,0.0,0.0,0.0,0.0,0.0,0.0,0.0,0.0,0.0,0.0,0.0,0.0,0.0,0.0,0.0,4765.211944444444,64.81666666666666,8.816666666666666,52.733333333333334,31.066666666666666,10750.400555555556,14193.538388583465,2792.174328349749,196.79508475442884,1034.6605333378036,531.0863679073872,64265.34842426407
100,3072.75,47.78277777777778,320.32869080779943,1.718413173652694,0.2972886520612418,1.3515122286298367,1.3876724030374887,0.5502513521953835,1031.4732644803946,740.1499861299735,767.4363792668462,873.2072970690332,81.06936547646123,157335.20910804812,1207.2912826987542,376674.35439071147,68574.37522484254,15000.0,112.0,23.0,81.0,39.0,11944.0,544808.2333333333,21495.483333333334,10349.233333333334,150528.7,59010.816666666666,129917.01666666666,0.0,0.0,0.47893487526503103,1.1053719008264462,4.36364564795037,0.0,0.0,0.0,1.1574956672443675,3763.7660079500524,0.0,0.0,0.0,0.0,0.0,0.0,0.0,0.0,0.0,0.0,0.0,0.0,0.0,0.0,0.0,0.0,4747.001666666667,64.81666666666666,8.816666666666666,52.733333333333334,31.066666666666666,9519.914166666667,14154.264592862994,2792.174328349748,196.79508475442884,1034.6605333378034,531.0863679073872,64019.658910493345
101,3012.75,48.46472222222222,316.71035447761193,1.416242661448142,0.3067043734891166,1.438497584212548,1.4496678200616182,0.5332706291782744,1116.2740615961989,787.2273873480852,743.6947311564144,939.4218060641261,81.45020463847203,157335.2091080481,1199.2473155371692,378304.9940675034,68851.51911504206,15000.0,112.0,23.0,81.0,39.0,11959.0,574020.3166666667,21945.633333333335,10995.9,149929.88333333333,57338.05,131752.5,0.0,0.0,0.48826076563429743,1.0855263157894737,4.649403172856353,0.0,0.0,0.0,1.1489778164419313,4246.447513911535,0.0,0.0,0.0,0.0,0.0,0.0,0.0,0.0,0.0,0.0,0.0,0.0,0.0,0.0,0.0,0.0,4713.037777777778,64.81666666666666,8.816666666666666,52.733333333333334,31.066666666666666,10034.478333333333,14059.957244493102,2792.174328349748,196.79508475442884,1034.6605333378034,531.0863679073872,64296.80280069306
