timeBin,TAZ,outboundParkingOverheadTime,inboundParkingOverheadTime,inboundParkingOverheadCost
6,480.0,0.0,0.0,0.0
6,478.0,0.0,0.0,0.0
6,493.0,0.0,0.0,0.0
7,480.0,0.0,0.0,0.0
7,441.0,0.0,0.0,0.0
7,478.0,2.823529411764706,0.0,0.0
7,459.0,0.0,0.0,0.0
7,465.0,0.08,0.0,0.0
7,471.0,0.0,0.0,0.0
7,477.0,1.5625,0.0,0.0
7,493.0,0.0,0.0,0.0
7,474.0,16.540372670807454,171.75824175824175,0.0
7,320.0,0.0,0.0,0.0
7,419.0,1.0769230769230769,0.0,0.0
7,404.0,0.0,0.0,0.0
7,445.0,0.0,0.0,0.0
7,454.0,0.0,0.0,0.0
7,383.0,0.0,0.0,0.0
7,299.0,20.88888888888889,0.0,0.0
7,409.0,7.068965517241379,0.0,0.0
7,435.0,0.0,0.0,0.0
7,476.0,0.0,0.0,0.0
7,448.0,26.25,0.0,0.0
7,455.0,0.0,0.0,0.0
7,479.0,0.7522935779816514,0.0,0.0
7,375.0,6.464285714285714,0.0,0.0
7,367.0,0.0,0.0,0.0
7,307.0,0.0,0.0,0.0
7,271.0,0.0,0.0,0.0
7,283.0,0.0,0.0,0.0
7,451.0,0.0,0.0,0.0
7,378.0,0.0,0.0,0.0
7,395.0,6.888888888888889,0.0,0.0
7,460.0,0.0,0.0,0.0
7,354.0,0.0,0.0,0.0
7,337.0,6.433962264150943,0.0,0.0
7,452.0,0.0,0.0,0.0
7,355.0,0.0,0.0,0.0
7,423.0,0.0,0.0,0.0
7,326.0,28.6,0.0,0.0
7,442.0,0.0,0.0,0.0
7,304.0,0.0,0.0,0.0
7,269.0,3.5454545454545454,0.0,0.0
7,292.0,0.0,0.0,0.0
7,457.0,0.0,0.0,0.0
7,361.0,0.0,0.0,0.0
7,446.0,65.25,0.0,0.0
7,347.0,10.0,0.0,0.0
7,461.0,0.0,0.0,0.0
7,403.0,0.0,0.0,0.0
7,415.0,0.0,0.0,0.0
7,408.0,0.0,0.0,0.0
7,362.0,0.0,0.0,0.0
7,352.0,0.0,0.0,0.0
7,458.0,0.0,0.0,0.0
7,316.0,0.0,0.0,0.0
7,374.0,33.0,0.0,0.0
7,267.0,0.0,0.0,0.0
7,338.0,0.0,0.0,0.0
7,305.0,0.0,0.0,0.0
7,429.0,0.0,0.0,0.0
7,427.0,0.0,0.0,0.0
7,432.0,10.421052631578947,0.0,0.0
7,401.0,33.857142857142854,0.0,0.0
7,357.0,0.0,0.0,0.0
7,376.0,0.0,0.0,0.0
7,323.0,0.0,0.0,0.0
7,353.0,0.0,0.0,0.0
7,444.0,0.0,0.0,0.0
7,372.0,0.0,0.0,0.0
7,407.0,0.0,0.0,0.0
7,470.0,0.0,0.0,0.0
7,335.0,0.0,0.0,0.0
7,291.0,0.0,0.0,0.0
7,488.0,1.35,0.0,0.0
7,377.0,0.0,0.0,0.0
7,449.0,0.0,0.0,0.0
7,295.0,5.4,0.0,0.0
7,301.0,0.0,0.0,0.0
7,380.0,0.0,0.0,0.0
7,405.0,0.0,0.0,0.0
7,416.0,0.0,0.0,0.0
7,412.0,0.0,0.0,0.0
7,450.0,0.0,0.0,0.0
7,402.0,0.0,0.0,0.0
7,327.0,0.0,0.0,0.0
7,473.0,0.0,0.0,0.0
7,420.0,0.0,0.0,0.0
7,489.0,8.625,0.0,0.0
7,422.0,0.0,0.0,0.0
7,413.0,0.0,0.0,0.0
7,306.0,0.0,0.0,0.0
7,397.0,0.0,0.0,0.0
7,340.0,0.0,0.0,0.0
7,400.0,0.0,0.0,0.0
7,421.0,0.0,0.0,0.0
7,426.0,0.0,0.0,0.0
7,303.0,0.0,0.0,0.0
7,319.0,0.0,0.0,0.0
7,373.0,0.0,0.0,0.0
7,341.0,0.0,0.0,0.0
7,396.0,0.0,0.0,0.0
7,247.0,0.0,0.0,0.0
7,302.0,0.0,0.0,0.0
7,391.0,0.0,0.0,0.0
7,290.0,0.0,0.0,0.0
7,358.0,0.0,0.0,0.0
7,311.0,0.0,0.0,0.0
8,354.0,0.0,0.0,0.0
8,375.0,4.083333333333333,0.0,0.0
8,488.0,4.153846153846154,0.0,0.0
8,471.0,0.0,0.0,0.0
8,448.0,0.0,0.0,0.0
8,372.0,0.0,0.0,0.0
8,461.0,0.0,0.0,0.0
8,449.0,30.35135135135135,0.0,0.0
8,380.0,0.0,0.0,0.0
8,454.0,0.0,0.0,0.0
8,409.0,2.3733333333333335,10.478260869565217,0.0
8,407.0,0.0,0.0,0.0
8,419.0,0.16129032258064516,0.0,0.0
8,458.0,1.8333333333333333,0.0,0.0
8,450.0,0.0,0.0,0.0
8,476.0,1.6338028169014085,11.046153846153846,0.0
8,438.0,0.0,0.0,0.0
8,401.0,10.634615384615385,0.0,0.0
8,400.0,0.0,0.0,0.0
8,479.0,2.6648936170212765,0.0,0.0
8,442.0,5.472222222222222,0.0,0.0
8,441.0,0.0,0.0,0.0
8,357.0,0.0,0.0,0.0
8,474.0,14.71393643031785,0.6406926406926406,0.0
8,489.0,27.253731343283583,24.892857142857142,0.0
8,323.0,10.1875,12.178571428571429,0.0
8,347.0,0.045454545454545456,0.0,0.0
8,459.0,0.0,0.0,0.0
8,391.0,0.0,0.0,0.0
8,478.0,14.25,0.0,0.0
8,295.0,37.61290322580645,0.0,0.0
8,457.0,9.07843137254902,0.0,0.0
8,337.0,7.360824742268041,0.0,0.0
8,477.0,3.911111111111111,0.0,0.0
8,426.0,1.2820512820512822,0.0,0.0
8,355.0,0.0,0.0,0.0
8,299.0,86.43333333333334,0.0,0.0
8,473.0,0.0,0.0,0.0
8,432.0,9.20754716981132,0.0,0.0
8,429.0,4.2631578947368425,13.727272727272727,0.0
8,291.0,0.0,0.0,0.0
8,423.0,0.0,0.0,0.0
8,427.0,0.5384615384615384,0.0,0.0
8,416.0,0.0,0.0,0.0
8,269.0,6.385714285714286,0.0,0.0
8,377.0,41.57575757575758,0.0,0.0
8,319.0,0.0,0.0,0.0
8,367.0,0.0,0.0,0.0
8,300.0,0.0,0.0,0.0
8,320.0,0.0,0.0,0.0
8,376.0,0.0,0.0,0.0
8,395.0,0.0,0.0,0.0
8,396.0,0.0,0.0,0.0
8,493.0,6.621621621621622,0.0,0.0
8,304.0,60.96,0.0,0.0
8,397.0,5.111111111111111,0.0,0.0
8,267.0,0.0,0.0,0.0
8,465.0,11.776785714285714,0.0,0.0
8,402.0,5.214285714285714,0.0,0.0
8,444.0,0.0,0.0,0.0
8,412.0,2.9574468085106385,0.0,0.0
8,338.0,60.13636363636363,0.0,0.0
8,283.0,3.0952380952380953,63.375,0.0
8,301.0,0.0,0.0,0.0
8,334.0,11.619047619047619,0.0,0.0
8,305.0,13.76923076923077,0.0,0.0
8,326.0,17.473684210526315,0.0,0.0
8,405.0,0.0,15.944444444444445,0.0
8,292.0,0.0,0.0,0.0
8,383.0,0.9504950495049505,0.0,0.0
8,358.0,0.0,0.0,0.0
8,374.0,0.0,0.0,0.0
8,312.0,0.0,0.0,0.0
8,413.0,0.0,0.0,0.0
8,408.0,0.0,0.0,0.0
8,328.0,0.0,22.76923076923077,0.0
8,316.0,0.0,0.0,0.0
8,422.0,0.0,0.0,0.0
8,349.0,0.0,0.0,0.0
8,247.0,0.0,0.0,0.0
8,340.0,0.0,0.0,0.0
8,451.0,0.0,0.0,0.0
8,306.0,24.571428571428573,0.0,0.0
8,415.0,0.0,0.0,0.0
8,275.0,14.75,0.0,0.0
8,290.0,87.37037037037037,0.0,0.0
8,363.0,0.0,0.0,0.0
8,360.0,0.0,0.0,0.0
8,303.0,0.0,0.0,0.0
8,446.0,0.0,0.0,0.0
8,373.0,0.0,0.0,0.0
8,439.0,0.0,0.0,0.0
8,339.0,0.0,0.0,0.0
8,403.0,0.0,4.085714285714285,0.0
8,435.0,1.375,0.0,0.0
8,455.0,0.07692307692307693,0.0,0.0
8,417.0,7.083333333333333,0.0,0.0
8,470.0,0.0,0.0,0.0
8,404.0,5.214285714285714,0.0,0.0
8,335.0,8.0,0.0,0.0
8,421.0,0.0,0.0,0.0
8,302.0,18.88888888888889,0.0,0.0
8,445.0,0.0,0.0,0.0
8,352.0,0.0,0.0,0.0
8,307.0,4.4,0.0,0.0
8,460.0,0.8787878787878788,0.0,0.0
8,414.0,24.571428571428573,0.0,0.0
8,341.0,0.0,0.0,0.0
8,311.0,0.0,0.0,0.0
8,420.0,0.0,0.0,0.0
8,480.0,4.642857142857143,0.0,0.0
8,362.0,0.0,0.0,0.0
8,361.0,10.133333333333333,0.0,0.0
8,345.0,0.0,0.0,0.0
8,327.0,1.5,0.0,0.0
8,378.0,0.0,0.0,0.0
8,365.0,0.0,0.0,0.0
8,452.0,0.0,0.0,0.0
8,330.0,0.0,0.0,0.0
8,390.0,0.0,0.0,0.0
8,271.0,0.0,119.0,0.0
8,353.0,0.0,32.875,0.0
8,351.0,0.0,0.0,0.0
8,331.0,0.0,0.0,0.0
8,359.0,0.0,0.0,0.0
8,370.0,0.0,0.0,0.0
8,321.0,0.0,0.0,0.0
8,364.0,0.0,0.0,0.0
8,333.0,0.0,0.0,0.0
9,422.0,0.0,0.0,0.0
9,383.0,0.27710843373493976,0.0,0.0
9,426.0,0.0,0.0,0.0
9,477.0,5.705882352941177,0.0,0.0
9,429.0,0.0,0.0,0.0
9,269.0,11.115384615384615,29.11111111111111,0.0
9,439.0,0.0,0.0,0.0
9,372.0,0.0,0.0,0.0
9,337.0,3.838709677419355,11.226666666666667,0.0
9,397.0,0.0,68.0,0.0
9,441.0,1.5151515151515151,0.0,0.0
9,474.0,5.940092165898617,8.53076923076923,0.0
9,465.0,0.0425531914893617,2.942857142857143,0.0
9,408.0,0.0,0.0,0.0
9,407.0,0.0,0.0,0.0
9,380.0,0.0,0.0,0.0
9,489.0,26.897435897435898,0.0,0.0
9,409.0,4.222222222222222,0.0,0.0
9,449.0,12.714285714285714,26.884615384615383,0.0
9,404.0,0.0,0.0,0.0
9,419.0,2.909090909090909,60.88636363636363,0.0
9,460.0,0.0,0.0,0.0
9,283.0,0.0,0.0,0.0
9,247.0,0.0,0.0,0.0
9,442.0,3.5555555555555554,0.0,0.0
9,402.0,1.1477272727272727,5.613924050632911,0.0
9,403.0,0.0,21.428571428571427,0.0
9,299.0,30.466666666666665,0.0,0.0
9,312.0,0.0,0.0,0.0
9,478.0,0.0,18.791666666666668,0.0
9,452.0,0.0,0.0,0.0
9,432.0,5.0265486725663715,27.51948051948052,0.0
9,435.0,0.0,0.0,0.0
9,365.0,0.0,0.0,0.0
9,345.0,0.0,0.0,0.0
9,275.0,0.0,0.0,0.0
9,471.0,0.0,0.0,0.0
9,461.0,0.0,0.0,0.0
9,488.0,9.0,0.0,0.0
9,328.0,0.0,0.0,0.0
9,412.0,2.6153846153846154,25.033333333333335,0.0
9,396.0,0.0,0.0,0.0
9,401.0,13.642857142857142,0.0,0.0
9,367.0,0.0,0.0,0.0
9,420.0,0.0,0.0,0.0
9,445.0,0.0,0.0,0.0
9,376.0,0.0,0.0,0.0
9,417.0,0.0,0.0,0.0
9,355.0,0.0,19.375,0.0
9,448.0,6.0,0.0,0.0
9,323.0,0.0,80.88888888888889,0.0
9,423.0,3.111111111111111,91.07142857142857,0.0
9,476.0,1.3647058823529412,0.0,0.0
9,359.0,0.0,0.0,0.0
9,457.0,0.0,0.0,0.0
9,455.0,0.0,0.0,0.0
9,438.0,0.0,0.0,0.0
9,454.0,0.0,0.0,0.0
9,352.0,0.0,0.0,0.0
9,373.0,0.0,0.0,0.0
9,427.0,13.058823529411764,0.0,0.0
9,316.0,0.0,0.0,0.0
9,459.0,11.23076923076923,0.0,0.0
9,304.0,0.0,0.0,0.0
9,291.0,0.0,0.0,0.0
9,267.0,0.0,0.0,0.0
9,300.0,0.0,0.0,0.0
9,335.0,0.0,0.0,0.0
9,479.0,1.3,1.9746835443037976,0.0
9,354.0,0.0,0.0,0.0
9,405.0,0.0,115.33333333333333,0.0
9,295.0,9.4,47.75,0.0
9,450.0,9.181818181818182,0.0,0.0
9,326.0,0.0,18.9,0.0
9,377.0,11.615384615384615,0.0,0.0
9,319.0,34.2,0.0,0.0
9,311.0,0.0,337.82456140350877,0.0
9,446.0,0.0,0.0,0.0
9,493.0,2.1875,0.0,0.0
9,360.0,0.0,0.0,0.0
9,271.0,0.0,0.0,0.0
9,375.0,2.7222222222222223,0.0,0.0
9,413.0,0.0,62.0,0.0
9,480.0,4.533333333333333,0.0,0.0
9,290.0,0.0,0.0,0.0
9,395.0,19.8,0.0,0.0
9,358.0,77.0,0.0,0.0
9,361.0,0.0,0.0,0.0
9,390.0,0.0,0.0,0.0
9,378.0,0.0,0.0,0.0
9,305.0,0.0,0.0,0.0
9,327.0,7.6,0.0,0.0
9,333.0,0.0,0.0,0.0
9,338.0,18.176470588235293,0.0,0.0
9,421.0,0.0,0.0,0.0
9,414.0,0.0,0.0,0.0
9,301.0,0.0,142.88888888888889,0.0
9,306.0,37.416666666666664,0.0,0.0
9,353.0,0.0,0.0,0.0
9,473.0,0.0,64.84210526315789,0.0
9,458.0,0.0,0.0,0.0
9,334.0,0.0,0.0,0.0
9,470.0,0.0,0.0,0.0
9,339.0,8.375,0.0,0.0
9,416.0,0.0,0.0,0.0
9,349.0,0.0,0.0,0.0
9,400.0,0.0,0.0,0.0
9,320.0,161.83333333333334,87.25,0.0
9,307.0,28.333333333333332,0.0,0.0
9,415.0,0.0,0.0,0.0
9,331.0,0.0,0.0,0.0
9,347.0,0.0,0.0,0.0
9,444.0,6.461538461538462,39.5,0.0
9,451.0,0.0,0.0,0.0
9,362.0,0.0,0.0,0.0
9,340.0,0.0,0.0,0.0
9,357.0,180.0,0.0,0.0
9,374.0,0.0,0.0,0.0
9,370.0,0.0,0.0,0.0
9,302.0,0.0,54.2,0.0
9,330.0,0.0,0.0,0.0
9,341.0,0.0,0.0,0.0
9,351.0,0.0,0.0,0.0
9,303.0,0.0,0.0,0.0
9,321.0,0.0,0.0,0.0
9,363.0,0.0,0.0,0.0
9,356.0,0.0,0.0,0.0
9,292.0,0.0,0.0,0.0
10,307.0,0.0,0.0,0.0
10,338.0,26.5,0.0,0.0
10,479.0,1.64,170.67142857142858,0.0
10,267.0,0.0,0.0,0.0
10,402.0,995.1111111111111,0.0,0.0
10,489.0,2.5,20.0,0.0
10,271.0,0.0,14.222222222222221,0.0
10,448.0,4.166666666666667,231.5,0.0
10,478.0,0.0,71.45714285714286,0.0
10,305.0,0.0,23.22222222222222,0.0
10,493.0,13.0,43.83783783783784,0.0
10,383.0,2.4210526315789473,0.0,0.0
10,409.0,523.25,0.0,0.0
10,455.0,0.0,0.0,0.0
10,476.0,65.20689655172414,0.0,0.0
10,362.0,0.0,0.0,0.0
10,401.0,0.0,0.0,0.0
10,275.0,460.2,0.0,0.0
10,306.0,81.875,118.55555555555556,0.0
10,290.0,241.0,406.4,0.0
10,432.0,18.0,58.426829268292686,0.0
10,375.0,1.75,129.14814814814815,0.0
10,442.0,11.5,332.1764705882353,0.0
10,408.0,0.0,30.0,0.0
10,327.0,22.25,275.2857142857143,0.0
10,449.0,31.6,319.1,0.0
10,474.0,0.0,12.75,0.0
10,419.0,12.285714285714286,31.666666666666668,0.0
10,480.0,0.0,174.3421052631579,0.0
10,438.0,0.0,0.0,0.0
10,373.0,0.0,694.3333333333334,0.0
10,351.0,118.85714285714286,0.0,0.0
10,339.0,0.0,0.0,0.0
10,299.0,0.0,17.3,0.0
10,446.0,0.0,0.0,0.0
10,380.0,0.0,0.0,0.0
10,471.0,0.0,0.0,0.0
10,465.0,4.24,147.7,0.0
10,429.0,0.0,512.7142857142857,0.0
10,413.0,0.0,0.0,0.0
10,295.0,0.0,193.375,0.0
10,403.0,0.0,0.0,0.0
10,441.0,0.0,0.0,0.0
10,376.0,0.0,350.7692307692308,0.0
10,320.0,0.0,24.833333333333332,0.0
10,337.0,0.0,0.0,0.0
10,367.0,0.0,0.0,0.0
10,355.0,104.25,0.0,0.0
10,390.0,0.0,57.25,0.0
10,488.0,0.0,0.0,0.0
10,451.0,0.0,0.0,0.0
10,423.0,0.0,0.0,0.0
10,400.0,0.0,0.0,0.0
10,426.0,0.0,0.0,0.0
10,435.0,0.0,425.6666666666667,0.0
10,372.0,0.0,475.38461538461536,0.0
10,450.0,0.0,0.0,0.0
10,407.0,0.0,0.0,0.0
10,460.0,0.0,0.0,0.0
10,326.0,0.0,0.0,0.0
10,319.0,0.0,0.0,0.0
10,404.0,0.0,0.0,0.0
10,477.0,342.5,0.0,0.0
10,415.0,0.0,0.0,0.0
10,422.0,0.0,0.0,0.0
10,377.0,0.0,0.0,0.0
10,461.0,0.0,0.0,0.0
10,283.0,10.833333333333334,0.0,0.0
10,395.0,0.0,93.0,0.0
10,457.0,3.5,0.0,0.0
10,316.0,186.0,0.0,0.0
10,374.0,0.0,0.0,0.0
10,335.0,0.0,0.0,0.0
10,361.0,0.0,0.0,0.0
10,459.0,0.0,0.0,0.0
10,247.0,0.0,0.0,0.0
10,292.0,0.0,105.0,0.0
10,416.0,0.0,260.5,0.0
10,353.0,0.0,0.0,0.0
10,470.0,0.0,0.0,0.0
10,420.0,0.0,0.0,0.0
10,454.0,0.0,0.0,0.0
10,269.0,413.6666666666667,340.3333333333333,0.0
10,412.0,0.0,0.0,0.0
10,444.0,9.5,0.0,0.0
10,358.0,77.0,0.0,0.0
10,301.0,0.0,394.8,0.0
10,311.0,0.0,2343.0,0.0
10,473.0,0.0,0.0,0.0
10,354.0,0.0,0.0,0.0
10,391.0,0.0,0.0,0.0
10,323.0,0.0,479.6666666666667,0.0
10,458.0,0.0,0.0,0.0
10,302.0,0.0,0.0,0.0
10,312.0,0.0,0.0,0.0
10,405.0,35.42857142857143,0.0,0.0
10,427.0,0.0,0.0,0.0
10,360.0,0.0,0.0,0.0
10,417.0,0.0,105.0,0.0
10,291.0,0.0,0.0,0.0
10,439.0,0.0,0.0,0.0
10,359.0,0.0,0.0,0.0
10,352.0,638.0,0.0,0.0
10,304.0,0.0,828.0,0.0
10,328.0,0.0,0.0,0.0
10,445.0,0.0,0.0,0.0
10,356.0,0.0,0.0,0.0
10,464.0,0.0,0.0,0.0
10,343.0,573.0,0.0,0.0
10,334.0,0.0,0.0,0.0
10,452.0,0.0,762.5,0.0
10,347.0,0.0,0.0,0.0
10,300.0,0.0,1784.0,0.0
10,357.0,0.0,0.0,0.0
10,365.0,0.0,0.0,0.0
10,396.0,0.0,0.0,0.0
10,340.0,0.0,0.0,0.0
11,439.0,0.0,0.0,0.0
11,306.0,0.0,0.0,0.0
11,442.0,1.6428571428571428,147.33333333333334,0.0
11,477.0,0.0,0.0,0.0
11,479.0,0.0,499.25,0.0
11,470.0,0.0,0.0,0.0
11,448.0,0.0,0.0,0.0
11,380.0,221.16666666666666,144.8,0.0
11,457.0,60.6,0.0,0.0
11,405.0,0.0,142.83333333333334,0.0
11,413.0,0.0,0.0,0.0
11,464.0,231.5,0.0,0.0
11,283.0,11.818181818181818,125.72727272727273,0.0
11,480.0,7.8,175.33333333333334,0.0
11,370.0,188.8,0.0,0.0
11,320.0,0.0,0.0,0.0
11,458.0,0.0,0.0,0.0
11,395.0,0.0,0.0,0.0
11,383.0,0.0,0.0,0.0
11,454.0,0.0,494.6,0.0
11,311.0,0.0,0.0,0.0
11,427.0,0.0,48.0,0.0
11,432.0,2.6666666666666665,0.0,0.0
11,446.0,0.0,0.0,0.0
11,476.0,171.6,46.56521739130435,0.0
11,401.0,241.25,150.0,0.0
11,412.0,4.2,197.4,0.0
11,402.0,18.25,0.0,0.0
11,409.0,1.0,0.0,0.0
11,438.0,0.0,0.0,0.0
11,374.0,0.0,0.0,0.0
11,435.0,0.0,0.0,0.0
11,334.0,0.0,0.0,0.0
11,421.0,0.0,0.0,0.0
11,441.0,20.0,499.85714285714283,0.0
11,269.0,14.833333333333334,0.0,0.0
11,323.0,0.0,361.5,0.0
11,271.0,0.0,277.54545454545456,0.0
11,455.0,0.0,0.0,0.0
11,355.0,0.0,115.85714285714286,0.0
11,375.0,16.307692307692307,204.6,0.0
11,295.0,0.0,18.555555555555557,0.0
11,460.0,0.0,60.142857142857146,0.0
11,292.0,0.0,263.0,0.0
11,337.0,0.0,1135.25,0.0
11,290.0,337.0,964.0,0.0
11,450.0,0.0,0.0,0.0
11,372.0,0.0,508.8,0.0
11,419.0,0.0,0.0,0.0
11,416.0,0.0,0.0,0.0
10,370.0,1236.0,0.0,0.0
11,357.0,0.0,0.0,0.0
11,358.0,0.0,0.0,0.0
11,275.0,0.0,318.5,0.0
11,474.0,0.0,0.0,0.0
11,347.0,0.0,900.0,0.0
11,429.0,0.0,397.0,0.0
11,305.0,203.0,0.0,0.0
11,493.0,0.0,73.2,0.0
11,417.0,0.0,0.0,0.0
11,328.0,0.0,0.0,0.0
11,299.0,1.0,78.66666666666667,0.0
11,396.0,0.0,0.0,0.0
11,376.0,12.0,348.0,0.0
11,303.0,0.0,74.8,0.0
11,359.0,0.0,0.0,0.0
11,465.0,0.0,50.0,0.0
11,403.0,113.71428571428571,199.0,0.0
11,351.0,0.0,0.0,0.0
11,338.0,0.0,0.0,0.0
11,319.0,42.75,0.0,0.0
11,415.0,0.0,0.0,0.0
11,321.0,0.0,0.0,0.0
11,459.0,24.444444444444443,0.0,0.0
11,471.0,0.0,578.1428571428571,0.0
11,452.0,0.0,0.0,0.0
11,478.0,0.0,55.7,0.0
11,449.0,0.0,0.0,0.0
11,407.0,0.0,67.0,0.0
11,422.0,0.0,216.66666666666666,0.0
11,426.0,0.0,0.0,0.0
11,360.0,0.0,0.0,0.0
11,340.0,0.0,0.0,0.0
11,365.0,0.0,0.0,0.0
11,423.0,0.0,0.0,0.0
11,377.0,0.0,0.0,0.0
11,362.0,0.0,1028.5714285714287,0.0
11,400.0,0.0,0.0,0.0
11,461.0,0.0,0.0,0.0
11,473.0,0.0,0.0,0.0
11,408.0,0.0,0.0,0.0
11,420.0,0.0,0.0,0.0
11,350.0,0.0,0.0,0.0
11,354.0,0.0,0.0,0.0
11,327.0,0.0,0.0,0.0
11,373.0,0.0,983.2,0.0
11,333.0,0.0,0.0,0.0
11,352.0,0.0,0.0,0.0
11,304.0,0.0,0.0,0.0
11,367.0,0.0,0.0,0.0
11,330.0,0.0,0.0,0.0
11,335.0,0.0,0.0,0.0
11,485.0,2912.0,0.0,0.0
11,307.0,0.0,0.0,0.0
11,445.0,0.0,0.0,0.0
11,274.0,0.0,0.0,0.0
11,285.0,0.0,0.0,0.0
11,353.0,0.0,0.0,0.0
11,291.0,17.0,0.0,0.0
11,390.0,0.0,0.0,0.0
11,369.0,0.0,0.0,0.0
11,341.0,902.0,0.0,0.0
11,316.0,0.0,0.0,0.0
12,471.0,0.0,230.78571428571428,0.0
11,451.0,0.0,0.0,0.0
12,427.0,1.5,0.0,0.0
12,370.0,929.875,0.0,0.0
12,459.0,107.08333333333333,0.0,0.0
12,339.0,0.0,0.0,0.0
12,395.0,0.0,0.0,0.0
12,419.0,69.6,54.42857142857143,0.0
12,441.0,0.0,269.6666666666667,0.0
12,476.0,0.0,0.0,0.0
12,432.0,7.769230769230769,115.0,0.0
12,402.0,73.0,522.6666666666666,0.0
12,422.0,0.0,40.706896551724135,0.0
12,375.0,15.647058823529411,524.6666666666666,0.0
12,390.0,235.66666666666666,0.0,0.0
12,269.0,224.83333333333334,0.0,0.0
12,458.0,0.0,0.0,0.0
12,303.0,0.0,877.5,0.0
12,369.0,0.0,0.0,0.0
12,360.0,268.5,0.0,0.0
12,352.0,0.0,0.0,0.0
12,299.0,20.525,6.333333333333333,0.0
12,460.0,0.0,0.0,0.0
12,274.0,0.0,0.0,0.0
12,283.0,0.0,0.0,0.0
12,412.0,0.0,0.0,0.0
12,291.0,0.0,0.0,0.0
12,455.0,0.0,0.0,0.0
12,474.0,0.0,0.0,0.0
12,478.0,8.869565217391305,57.05882352941177,0.0
12,479.0,0.0,476.25,0.0
12,295.0,0.0,0.0,0.0
12,380.0,35.5,0.0,0.0
12,340.0,0.0,0.0,0.0
12,461.0,0.0,125.45454545454545,0.0
12,407.0,0.0,68.25,0.0
12,374.0,389.0,0.0,0.0
12,445.0,0.0,0.0,0.0
12,409.0,6.111111111111111,0.0,0.0
12,403.0,0.0,18.0,0.0
12,493.0,27.4,952.5,0.0
12,417.0,170.0,326.0,0.0
12,442.0,0.0,731.7272727272727,0.0
12,319.0,0.0,0.0,0.0
12,316.0,1182.0,0.0,0.0
12,457.0,50.5,0.0,0.0
12,480.0,0.125,576.7777777777778,0.0
12,354.0,0.0,31.57894736842105,0.0
12,330.0,0.0,0.0,0.0
12,362.0,0.0,0.0,0.0
12,464.0,278.4,0.0,0.0
12,439.0,0.0,0.0,0.0
12,451.0,0.0,0.0,0.0
12,449.0,642.6666666666666,594.3333333333334,0.0
12,341.0,0.0,0.0,0.0
12,446.0,0.0,0.0,0.0
12,338.0,0.0,50.0,0.0
12,372.0,0.0,153.0,0.0
12,359.0,0.0,0.0,0.0
12,285.0,0.0,0.0,0.0
12,408.0,0.0,0.0,0.0
12,400.0,0.0,0.0,0.0
12,401.0,0.0,0.0,0.0
12,413.0,0.0,0.0,0.0
12,355.0,0.0,0.0,0.0
12,357.0,0.0,0.0,0.0
12,361.0,0.0,0.0,0.0
12,414.0,0.0,0.0,0.0
12,470.0,0.0,247.75,0.0
12,365.0,0.0,0.0,0.0
12,485.0,0.0,0.0,0.0
12,465.0,0.045454545454545456,641.2727272727273,0.0
12,271.0,0.0,0.0,0.0
12,423.0,0.0,587.0,0.0
12,307.0,1.75,0.0,0.0
12,426.0,0.0,0.0,0.0
12,448.0,0.0,0.0,0.0
12,376.0,0.0,0.0,0.0
12,353.0,0.0,0.0,0.0
12,320.0,1549.0,0.0,0.0
12,335.0,0.0,14.6,0.0
12,337.0,9.0,242.71428571428572,0.0
12,312.0,33.333333333333336,175.33333333333334,0.0
12,347.0,0.0,0.0,0.0
12,383.0,55.074074074074076,326.45454545454544,0.0
12,377.0,0.0,0.0,0.0
12,363.0,0.0,0.0,0.0
12,275.0,277.8,0.0,0.0
12,488.0,0.0,1569.0,0.0
12,489.0,23.0,0.0,0.0
12,452.0,0.0,512.6666666666666,0.0
12,323.0,0.0,0.0,0.0
12,444.0,0.0,0.0,0.0
12,302.0,303.0,0.0,0.0
12,391.0,0.0,0.0,0.0
12,454.0,19.0,0.0,0.0
12,327.0,0.0,0.0,0.0
12,477.0,38.8,0.0,0.0
12,358.0,45.8,75.0,0.0
12,435.0,0.0,0.0,0.0
12,367.0,0.0,0.0,0.0
12,292.0,1265.0,0.0,0.0
12,300.0,0.0,0.0,0.0
12,326.0,0.0,0.0,0.0
12,397.0,0.0,0.0,0.0
12,346.0,1432.0,0.0,0.0
12,450.0,0.0,0.0,0.0
12,343.0,0.0,0.0,0.0
12,416.0,869.75,0.0,0.0
12,334.0,370.0,0.0,0.0
12,373.0,866.5,0.0,0.0
12,405.0,0.0,0.0,0.0
12,429.0,0.0,0.0,0.0
12,473.0,0.0,0.0,0.0
12,240.0,0.0,0.0,0.0
12,345.0,0.0,0.0,0.0
12,396.0,0.0,0.0,0.0
12,438.0,0.0,0.0,0.0
13,299.0,11.0,144.55172413793105,0.0
13,454.0,0.0,0.0,0.0
13,383.0,0.0,234.2941176470588,0.0
13,390.0,82.2,0.0,0.0
13,458.0,0.0,0.0,0.0
13,358.0,315.42857142857144,0.0,0.0
13,376.0,0.0,71.1,0.0
13,422.0,160.07692307692307,39.21052631578947,0.0
13,375.0,21.0,286.77777777777777,0.0
13,360.0,0.0,0.0,0.0
13,439.0,7.090909090909091,143.11111111111111,0.0
13,304.0,402.0,0.0,0.0
13,408.0,0.0,0.0,0.0
13,479.0,39.5,740.6363636363636,0.0
13,307.0,100.0,0.0,0.0
13,269.0,0.0,0.0,0.0
13,471.0,0.0,462.6923076923077,0.0
13,395.0,0.0,0.0,0.0
13,295.0,47.470588235294116,124.3529411764706,0.0
13,423.0,0.0,0.0,0.0
13,438.0,0.0,279.3333333333333,0.0
13,474.0,0.0,454.2857142857143,0.0
13,446.0,177.21052631578948,0.0,0.0
13,345.0,76.42857142857143,77.875,0.0
13,402.0,23.0,486.27272727272725,0.0
13,338.0,34.75,299.75,0.0
13,413.0,0.0,0.0,0.0
13,477.0,8.083333333333334,74.85714285714286,0.0
13,455.0,0.0,0.0,0.0
13,457.0,253.85714285714286,0.0,0.0
13,448.0,0.0,0.0,0.0
13,409.0,0.0,245.66666666666666,0.0
13,480.0,0.0,300.0,0.0
13,459.0,50.285714285714285,0.0,0.0
13,414.0,0.0,0.0,0.0
13,352.0,58.75,0.0,0.0
13,365.0,0.0,0.0,0.0
13,405.0,0.0,0.0,0.0
13,449.0,0.0,12.666666666666666,0.0
13,465.0,0.0,214.11111111111111,0.0
13,478.0,15.4,69.70588235294117,0.0
13,426.0,0.0,70.0,0.0
13,400.0,7.0,0.0,0.0
13,341.0,23.857142857142858,105.28571428571429,0.0
13,419.0,0.0,276.75,0.0
13,396.0,0.0,0.0,0.0
13,401.0,24.5,593.0,0.0
13,464.0,422.0,0.0,0.0
13,380.0,0.0,0.0,0.0
13,346.0,0.0,0.0,0.0
13,334.0,0.0,0.0,0.0
13,283.0,0.0,0.0,0.0
13,429.0,0.0,485.6666666666667,0.0
13,488.0,0.0,744.25,0.0
13,370.0,809.9411764705883,0.0,0.0
13,489.0,31.75,757.3333333333334,0.0
13,461.0,0.0,0.0,0.0
13,337.0,1.5657894736842106,54.03174603174603,0.0
13,493.0,0.0,240.0,0.0
13,476.0,328.85714285714283,0.0,0.0
13,292.0,0.0,0.0,0.0
13,427.0,0.0,0.0,0.0
13,359.0,0.0,117.66666666666667,0.0
13,460.0,0.0,0.0,0.0
13,361.0,0.0,0.0,0.0
13,342.0,0.0,0.0,0.0
13,267.0,0.0,0.0,0.0
13,470.0,0.0,0.0,0.0
13,452.0,380.4,0.0,0.0
13,354.0,0.0,0.0,0.0
13,432.0,4.318181818181818,146.24137931034483,0.0
13,300.0,0.0,0.0,0.0
13,355.0,199.63636363636363,17.142857142857142,0.0
13,323.0,0.0,182.66666666666666,0.0
13,377.0,140.0,0.0,0.0
13,403.0,0.0,274.3333333333333,0.0
13,445.0,0.0,0.0,0.0
13,319.0,11.777777777777779,0.0,0.0
13,407.0,0.0,0.0,0.0
13,369.0,0.0,0.0,0.0
13,374.0,0.0,0.0,0.0
13,391.0,0.0,0.0,0.0
13,335.0,89.125,0.0,0.0
13,357.0,0.0,0.0,0.0
13,305.0,0.0,0.0,0.0
13,302.0,675.5,0.0,0.0
13,330.0,0.0,0.0,0.0
13,340.0,0.0,0.0,0.0
13,327.0,0.0,0.0,0.0
13,473.0,0.0,0.0,0.0
13,347.0,0.0,492.0,0.0
13,349.0,0.0,0.0,0.0
13,240.0,0.0,0.0,0.0
13,303.0,0.0,550.5,0.0
13,353.0,0.0,0.0,0.0
13,275.0,31.666666666666668,0.0,0.0
13,373.0,0.0,220.0,0.0
13,416.0,0.0,0.0,0.0
13,372.0,0.0,0.0,0.0
13,397.0,0.0,0.0,0.0
13,404.0,0.0,0.0,0.0
13,435.0,0.0,0.0,0.0
13,444.0,0.0,0.0,0.0
13,442.0,0.0,794.0,0.0
13,450.0,0.0,0.0,0.0
13,320.0,0.0,867.0,0.0
13,321.0,0.0,0.0,0.0
13,412.0,0.0,0.0,0.0
13,284.0,0.0,0.0,0.0
13,316.0,0.0,0.0,0.0
13,484.0,0.0,0.0,0.0
13,451.0,12.333333333333334,171.0,0.0
13,343.0,336.0,0.0,0.0
13,441.0,0.0,0.0,0.0
13,421.0,0.0,0.0,0.0
13,367.0,842.25,0.0,0.0
13,333.0,0.0,0.0,0.0
13,285.0,0.0,0.0,0.0
14,358.0,1696.6666666666667,0.0,0.0
14,459.0,361.5,66.9090909090909,0.0
14,295.0,0.0,78.77777777777777,0.0
14,479.0,5.416666666666667,590.5555555555555,0.0
14,439.0,0.0,0.0,0.0
14,401.0,0.0,0.0,0.0
14,403.0,0.0,0.0,0.0
14,458.0,5.0,0.0,0.0
14,454.0,0.0,39.666666666666664,0.0
14,337.0,74.33333333333333,264.69565217391306,0.0
14,352.0,0.0,76.92857142857143,0.0
14,470.0,0.0,0.0,0.0
14,355.0,193.125,0.0,0.0
14,432.0,1.5,0.0,0.0
14,299.0,72.59375,75.42307692307692,0.0
14,353.0,0.0,0.0,0.0
14,292.0,182.66666666666666,0.0,0.0
14,408.0,0.0,17.133333333333333,0.0
14,304.0,0.0,0.0,0.0
14,397.0,0.0,0.0,0.0
14,380.0,540.5,168.0,0.0
14,460.0,56.888888888888886,0.0,0.0
14,338.0,7.428571428571429,0.0,0.0
14,471.0,0.0,252.78947368421052,0.0
14,457.0,3.6153846153846154,0.0,0.0
14,334.0,0.0,0.0,0.0
14,395.0,0.0,0.0,0.0
14,370.0,1404.2380952380952,0.0,0.0
14,402.0,23.857142857142858,589.6,0.0
14,375.0,12.25,717.8181818181819,0.0
14,320.0,431.1666666666667,203.8,0.0
14,461.0,189.0909090909091,16.23076923076923,0.0
14,347.0,0.0,0.0,0.0
14,365.0,0.0,492.6666666666667,0.0
14,422.0,0.0,633.5833333333334,0.0
14,285.0,0.0,0.0,0.0
14,493.0,12.0,1222.0,0.0
14,374.0,2.8,0.0,0.0
14,349.0,0.0,0.0,0.0
14,419.0,0.0,56.27272727272727,0.0
14,364.0,0.0,0.0,0.0
14,427.0,0.0,0.0,0.0
14,464.0,0.0,0.0,0.0
14,335.0,578.5714285714286,187.83333333333334,0.0
14,477.0,0.0,166.4,0.0
14,404.0,0.0,0.0,0.0
14,300.0,0.0,0.0,0.0
14,377.0,70.0,0.0,0.0
14,307.0,498.6666666666667,0.0,0.0
14,367.0,0.0,0.0,0.0
14,441.0,4.166666666666667,1200.0,0.0
14,474.0,24.1,355.77777777777777,0.0
14,444.0,0.0,0.0,0.0
14,438.0,0.0,319.3333333333333,0.0
14,451.0,0.0,0.0,0.0
14,446.0,12.307692307692308,0.0,0.0
14,413.0,0.0,0.0,0.0
14,396.0,0.0,0.0,0.0
14,412.0,8.4,184.0,0.0
14,455.0,0.0,0.0,0.0
14,333.0,0.0,0.0,0.0
14,319.0,410.0,0.0,0.0
14,267.0,0.0,0.0,0.0
14,359.0,0.0,0.0,0.0
14,442.0,0.0,55.714285714285715,0.0
14,426.0,0.0,0.0,0.0
14,291.0,0.0,535.4,0.0
14,409.0,11.081632653061224,110.51612903225806,0.0
14,445.0,0.0,105.75,0.0
14,478.0,17.0,132.8181818181818,0.0
14,476.0,88.0,0.0,0.0
14,465.0,0.0,206.9,0.0
14,341.0,0.0,0.0,0.0
13,363.0,2224.0,0.0,0.0
14,323.0,0.0,0.0,0.0
14,316.0,0.0,0.0,0.0
14,390.0,0.0,0.0,0.0
14,361.0,0.0,0.0,0.0
14,283.0,617.0,0.0,0.0
14,305.0,531.8,0.0,0.0
14,480.0,20.0,377.0,0.0
14,400.0,4.666666666666667,97.0,0.0
14,407.0,6.4,98.0,0.0
14,271.0,0.0,0.0,0.0
14,372.0,0.0,0.0,0.0
14,312.0,0.0,104.125,0.0
14,489.0,59.285714285714285,698.2,0.0
14,473.0,459.75,0.0,0.0
14,383.0,0.0,0.0,0.0
14,269.0,1004.0,0.0,0.0
14,302.0,0.0,0.0,0.0
14,448.0,0.0,0.0,0.0
14,391.0,0.0,0.0,0.0
14,327.0,0.3333333333333333,279.3333333333333,0.0
14,290.0,0.0,0.0,0.0
14,354.0,0.0,0.0,0.0
14,414.0,0.0,0.0,0.0
14,284.0,0.0,0.0,0.0
14,360.0,0.0,0.0,0.0
14,357.0,0.0,0.0,0.0
14,326.0,0.0,293.5,0.0
14,449.0,0.0,0.0,0.0
14,321.0,0.0,0.0,0.0
14,363.0,2039.0,0.0,0.0
14,452.0,0.0,0.0,0.0
14,340.0,0.0,0.0,0.0
14,421.0,0.0,0.0,0.0
14,306.0,0.0,0.0,0.0
14,484.0,0.0,0.0,0.0
14,416.0,511.5,0.0,0.0
14,247.0,0.0,0.0,0.0
14,435.0,0.0,0.0,0.0
14,303.0,0.0,248.0,0.0
14,275.0,475.0,0.0,0.0
14,328.0,0.0,497.5,0.0
14,362.0,0.0,0.0,0.0
14,429.0,0.0,0.0,0.0
14,423.0,0.0,0.0,0.0
14,330.0,0.0,0.0,0.0
14,450.0,0.0,0.0,0.0
15,409.0,18.714285714285715,280.375,0.0
15,477.0,0.0,0.0,0.0
15,353.0,0.0,0.0,0.0
15,471.0,0.0,258.1,0.0
15,352.0,213.71428571428572,0.0,0.0
15,439.0,4.636363636363637,0.0,0.0
15,275.0,305.4,0.0,0.0
15,335.0,0.0,53.666666666666664,0.0
15,305.0,0.0,119.42857142857143,0.0
15,450.0,0.0,0.0,0.0
15,449.0,86.5,513.5,0.0
15,457.0,0.0,0.0,0.0
15,432.0,9.130434782608695,95.19047619047619,0.0
15,470.0,0.0,0.0,0.0
14,376.0,0.0,0.0,0.0
15,360.0,0.0,193.85714285714286,0.0
15,454.0,0.0,276.0,0.0
15,489.0,21.333333333333332,304.2,0.0
15,407.0,0.0,103.5,0.0
15,295.0,0.0,83.36666666666666,0.0
15,465.0,0.0,517.8333333333334,0.0
15,460.0,79.8,0.0,0.0
15,299.0,92.79166666666667,82.1923076923077,0.0
15,461.0,0.0,0.0,0.0
15,455.0,0.0,0.0,0.0
15,452.0,0.0,0.0,0.0
15,334.0,19.46153846153846,0.0,0.0
15,419.0,0.0,98.53846153846153,0.0
15,377.0,5.0,155.0,0.0
15,446.0,99.25,0.0,0.0
15,476.0,306.54545454545456,0.0,0.0
15,422.0,0.0,181.0,0.0
15,312.0,0.0,0.0,0.0
14,260.0,1304.0,0.0,0.0
15,338.0,11.666666666666666,0.0,0.0
15,478.0,12.916666666666666,102.18181818181819,0.0
15,370.0,692.5,0.0,0.0
15,400.0,0.0,0.0,0.0
15,307.0,0.0,331.75,0.0
15,408.0,0.0,8.5,0.0
15,416.0,97.33333333333333,0.0,0.0
15,458.0,135.28571428571428,0.0,0.0
15,427.0,0.0,17.576923076923077,0.0
15,306.0,0.0,0.0,0.0
15,429.0,0.0,0.0,0.0
15,316.0,0.0,0.0,0.0
15,292.0,0.0,0.0,0.0
15,383.0,0.0,0.0,0.0
15,345.0,0.0,0.0,0.0
15,355.0,0.0,0.0,0.0
15,448.0,6.666666666666667,0.0,0.0
15,474.0,0.0,0.0,0.0
15,343.0,0.0,0.0,0.0
15,488.0,0.0,0.0,0.0
15,479.0,8.770491803278688,628.25,0.0
15,459.0,98.95238095238095,0.0,0.0
15,304.0,0.0,0.0,0.0
15,444.0,6.666666666666667,0.0,0.0
15,391.0,0.0,0.0,0.0
15,320.0,0.0,0.0,0.0
15,376.0,0.0,63.666666666666664,0.0
15,403.0,0.0,0.0,0.0
15,421.0,0.0,0.0,0.0
15,396.0,0.0,0.0,0.0
15,347.0,0.0,0.0,0.0
15,402.0,1380.0,408.5,0.0
15,327.0,0.0,0.0,0.0
15,267.0,0.0,548.0,0.0
15,354.0,0.0,0.0,0.0
15,412.0,0.0,41.6,0.0
15,435.0,47.833333333333336,225.0,0.0
15,414.0,0.0,0.0,0.0
15,362.0,266.25,678.0,0.0
15,405.0,14.5,0.0,0.0
15,380.0,0.0,0.0,0.0
15,302.0,0.0,0.0,0.0
15,269.0,34.6,0.0,0.0
15,375.0,0.0,905.0,0.0
15,445.0,0.0,0.0,0.0
15,464.0,0.0,0.0,0.0
15,378.0,0.0,1159.1666666666667,0.0
15,361.0,0.0,0.0,0.0
15,291.0,725.6666666666666,0.0,0.0
14,346.0,937.0,0.0,0.0
15,247.0,0.0,0.0,0.0
15,397.0,0.0,0.0,0.0
15,404.0,0.0,0.0,0.0
15,473.0,12.25,134.83333333333334,0.0
15,401.0,12.88888888888889,693.3333333333334,0.0
15,359.0,0.0,0.0,0.0
15,358.0,0.0,495.5,0.0
15,260.0,0.0,0.0,0.0
15,395.0,0.0,0.0,0.0
15,300.0,0.0,0.0,0.0
15,374.0,878.0,0.0,0.0
15,372.0,0.0,0.0,0.0
15,284.0,0.0,0.0,0.0
15,330.0,0.0,0.0,0.0
15,480.0,14.6,620.0,0.0
15,290.0,0.0,0.0,0.0
15,248.0,0.0,0.0,0.0
15,365.0,0.0,0.0,0.0
15,441.0,12.5,187.75,0.0
15,367.0,374.0,0.0,0.0
15,346.0,0.0,0.0,0.0
15,271.0,0.0,0.0,0.0
15,303.0,0.0,0.0,0.0
15,297.0,0.0,0.0,0.0
15,413.0,0.0,0.0,0.0
15,319.0,0.0,0.0,0.0
15,285.0,0.0,0.0,0.0
15,423.0,0.0,0.0,0.0
15,333.0,0.0,0.0,0.0
15,331.0,0.0,0.0,0.0
15,337.0,0.0,262.75,0.0
15,451.0,1282.8,0.0,0.0
15,438.0,0.0,0.0,0.0
15,321.0,0.0,0.0,0.0
15,426.0,0.0,0.0,0.0
15,328.0,0.0,0.0,0.0
15,442.0,103.33333333333333,0.0,0.0
15,486.0,0.0,0.0,0.0
15,283.0,0.0,702.0,0.0
15,357.0,0.0,0.0,0.0
15,390.0,0.0,0.0,0.0
15,363.0,0.0,0.0,0.0
16,396.0,0.0,0.0,0.0
16,275.0,0.0,0.0,0.0
16,355.0,0.0,0.0,0.0
16,363.0,430.6666666666667,52.2,0.0
16,477.0,0.0,0.0,0.0
16,480.0,10.666666666666666,0.0,0.0
16,459.0,59.906976744186046,0.0,0.0
16,446.0,373.7857142857143,0.0,0.0
16,445.0,0.0,0.0,0.0
16,479.0,41.955882352941174,816.9489795918367,0.0
16,299.0,0.0,135.55555555555554,0.0
16,448.0,0.0,162.57142857142858,0.0
16,460.0,10.285714285714286,0.0,0.0
16,405.0,0.0,0.0,0.0
16,476.0,364.95238095238096,335.3888888888889,0.0
16,319.0,0.0,0.0,0.0
16,413.0,0.0,0.0,0.0
16,347.0,0.0,0.0,0.0
16,414.0,0.0,0.0,0.0
16,471.0,0.0,225.9375,0.0
16,295.0,0.0,0.0,0.0
16,334.0,160.35714285714286,0.0,0.0
16,377.0,65.94117647058823,0.0,0.0
16,441.0,0.0,0.0,0.0
16,470.0,0.0,0.0,0.0
16,449.0,7.714285714285714,0.0,0.0
16,359.0,0.0,0.0,0.0
16,247.0,0.0,0.0,0.0
16,378.0,0.0,0.0,0.0
16,271.0,0.0,0.0,0.0
16,365.0,0.0,0.0,0.0
16,439.0,52.78048780487805,0.0,0.0
16,380.0,651.5,0.0,0.0
16,305.0,0.0,145.66666666666666,0.0
16,461.0,50.30769230769231,0.0,0.0
16,362.0,566.3333333333334,46.333333333333336,0.0
16,337.0,59.5,300.0,0.0
16,412.0,343.0,0.0,0.0
16,316.0,0.0,0.0,0.0
16,353.0,18.59259259259259,0.0,0.0
16,367.0,0.0,0.0,0.0
16,486.0,0.0,0.0,0.0
16,408.0,179.43478260869566,0.0,0.0
16,427.0,50.94117647058823,0.0,0.0
16,352.0,36.28,0.0,0.0
16,432.0,572.75,0.0,0.0
16,478.0,0.0,44.0,0.0
16,465.0,0.0,819.2,0.0
16,435.0,0.0,19.166666666666668,0.0
16,302.0,0.0,243.5,0.0
16,397.0,0.0,0.0,0.0
16,372.0,0.0,0.0,0.0
16,354.0,0.0,13.043478260869565,0.0
16,333.0,0.0,0.0,0.0
16,292.0,210.4,0.0,0.0
16,284.0,0.0,0.0,0.0
16,395.0,0.0,96.64285714285714,0.0
16,457.0,0.0,0.0,0.0
16,458.0,52.285714285714285,0.0,0.0
16,358.0,455.0,0.0,0.0
16,464.0,0.0,0.0,0.0
16,401.0,0.0,0.0,0.0
16,307.0,0.0,0.0,0.0
16,300.0,0.0,465.42857142857144,0.0
16,454.0,0.0,680.75,0.0
16,260.0,0.0,0.0,0.0
16,320.0,146.28571428571428,0.0,0.0
16,338.0,0.0,0.0,0.0
16,450.0,0.0,0.0,0.0
16,474.0,9.0,0.0,0.0
16,473.0,0.0,0.0,0.0
16,370.0,1000.7,0.0,0.0
16,375.0,162.66666666666666,0.0,0.0
16,360.0,0.0,0.0,0.0
16,267.0,0.0,0.0,0.0
16,409.0,11.8,0.0,0.0
16,303.0,0.0,0.0,0.0
16,361.0,0.0,212.5,0.0
16,327.0,0.0,0.0,0.0
16,323.0,0.0,0.0,0.0
16,285.0,0.0,0.0,0.0
16,455.0,135.5,0.0,0.0
16,451.0,0.0,57.75,0.0
16,452.0,0.0,0.0,0.0
16,403.0,0.0,0.0,0.0
16,390.0,381.0,0.0,0.0
16,328.0,0.0,0.0,0.0
16,442.0,0.0,358.0,0.0
16,330.0,0.0,0.0,0.0
16,357.0,0.0,0.0,0.0
16,407.0,271.3333333333333,0.0,0.0
16,374.0,153.42857142857142,0.0,0.0
16,416.0,747.5,0.0,0.0
16,351.0,962.0,0.0,0.0
16,419.0,333.6666666666667,0.0,0.0
16,297.0,0.0,364.0,0.0
16,400.0,30.0,0.0,0.0
16,321.0,0.0,0.0,0.0
16,312.0,0.0,0.0,0.0
16,444.0,0.0,0.0,0.0
16,335.0,603.875,0.0,0.0
16,331.0,140.16666666666666,0.0,0.0
16,373.0,0.0,0.0,0.0
16,383.0,0.0,644.0,0.0
16,402.0,0.0,0.0,0.0
16,404.0,0.0,0.0,0.0
16,291.0,0.0,0.0,0.0
16,311.0,0.0,0.0,0.0
16,426.0,0.0,0.0,0.0
16,341.0,0.0,0.0,0.0
16,283.0,0.0,1457.0,0.0
16,489.0,19.25,0.0,0.0
16,438.0,0.0,275.3333333333333,0.0
16,415.0,0.0,0.0,0.0
16,391.0,0.0,0.0,0.0
16,349.0,0.0,0.0,0.0
16,429.0,0.0,0.0,0.0
16,493.0,0.0,0.0,0.0
16,420.0,0.0,0.0,0.0
16,326.0,0.0,0.0,0.0
16,345.0,1856.0,0.0,0.0
16,301.0,0.0,0.0,0.0
17,357.0,0.0,0.0,0.0
17,365.0,0.0,0.0,0.0
17,409.0,6.222222222222222,691.0,0.0
17,323.0,16.363636363636363,35.94736842105263,0.0
17,460.0,0.0,0.0,0.0
17,459.0,32.276595744680854,1.86,0.0
17,352.0,0.0,0.0,0.0
17,476.0,113.7,73.25,0.0
17,395.0,0.0,0.0,0.0
17,446.0,62.04964539007092,0.0,0.0
17,426.0,0.07142857142857142,21.428571428571427,0.0
17,444.0,0.0,0.0,0.0
17,354.0,0.0,0.0,0.0
17,457.0,0.0,0.0,0.0
17,408.0,15.43661971830986,17.492753623188406,0.0
17,335.0,0.0,12.875,0.0
17,377.0,120.87692307692308,0.0,0.0
17,439.0,0.0,0.0,0.0
17,319.0,18.641509433962263,0.0,0.0
17,465.0,35.486486486486484,813.7272727272727,0.0
17,295.0,41.46875,68.0,0.0
17,283.0,0.0,0.0,0.0
17,353.0,0.0,22.08,0.0
17,450.0,0.0,88.33333333333333,0.0
17,341.0,0.0,0.0,0.0
17,347.0,0.0,0.0,0.0
17,470.0,0.0,0.0,0.0
17,445.0,0.0,0.0,0.0
17,480.0,11.444444444444445,317.7142857142857,0.0
17,442.0,4.333333333333333,462.95454545454544,0.0
17,461.0,23.76271186440678,0.0,0.0
17,407.0,0.0,0.0,0.0
17,302.0,445.8,0.0,0.0
17,275.0,0.0,131.375,0.0
17,301.0,0.0,0.0,0.0
17,320.0,47.37837837837838,15.076923076923077,0.0
17,438.0,0.0,130.9090909090909,0.0
17,486.0,0.0,171.0,0.0
17,479.0,14.13953488372093,586.2352941176471,0.0
17,373.0,0.0,0.0,0.0
17,427.0,0.0,41.40625,0.0
17,330.0,0.0,0.0,0.0
17,489.0,22.967741935483872,186.43333333333334,0.0
17,458.0,0.0,0.0,0.0
17,355.0,0.0,340.55555555555554,0.0
17,292.0,346.75,0.0,0.0
17,380.0,0.0,0.0,0.0
17,360.0,0.0,0.0,0.0
17,299.0,10.296296296296296,60.625,0.0
17,416.0,0.0,0.0,0.0
17,474.0,36.216981132075475,172.0,0.0
17,338.0,0.0,0.0,0.0
17,464.0,0.0,0.0,0.0
17,334.0,58.1,0.0,0.0
17,477.0,0.0,0.0,0.0
17,331.0,192.0,0.0,0.0
17,493.0,5.071428571428571,365.25,0.0
17,312.0,0.0,0.0,0.0
17,471.0,0.0,0.0,0.0
17,367.0,0.0,0.0,0.0
17,396.0,0.0,0.0,0.0
17,401.0,0.0,15.5,0.0
17,414.0,0.0,0.0,0.0
17,378.0,0.0,0.0,0.0
17,441.0,3.4411764705882355,445.5882352941176,0.0
17,361.0,0.0,19.28125,0.0
17,478.0,1.7692307692307692,156.3846153846154,0.0
17,419.0,0.5263157894736842,0.0,0.0
17,375.0,0.0,0.0,0.0
17,305.0,0.0,0.0,0.0
17,451.0,0.0,0.0,0.0
17,397.0,50.785714285714285,0.0,0.0
17,405.0,0.0,0.0,0.0
17,316.0,0.0,0.0,0.0
17,304.0,0.0,0.0,0.0
17,417.0,0.0,900.0,0.0
17,404.0,0.0,0.0,0.0
17,400.0,0.0,0.0,0.0
17,454.0,0.0,0.0,0.0
17,413.0,0.0,0.0,0.0
17,391.0,0.0,0.0,0.0
17,300.0,0.0,0.0,0.0
17,370.0,196.0909090909091,0.0,0.0
17,403.0,0.0,0.0,0.0
17,369.0,0.0,0.0,0.0
17,307.0,0.0,0.0,0.0
17,435.0,5.5,0.0,0.0
17,383.0,5.153846153846154,293.22222222222223,0.0
17,285.0,0.0,0.0,0.0
17,415.0,0.0,0.0,0.0
17,339.0,0.0,0.0,0.0
17,267.0,0.0,79.75,0.0
17,412.0,171.5,83.0,0.0
17,337.0,94.0,599.5,0.0
17,423.0,0.0,233.42857142857142,0.0
17,363.0,0.0,0.0,0.0
17,376.0,0.0,0.0,0.0
17,429.0,0.0,0.0,0.0
17,345.0,0.0,0.0,0.0
17,432.0,0.0,0.0,0.0
17,372.0,0.0,78.33333333333333,0.0
17,488.0,0.0,1516.0,0.0
17,351.0,0.0,0.0,0.0
17,247.0,0.0,0.0,0.0
17,358.0,0.0,0.0,0.0
17,303.0,0.0,247.66666666666666,0.0
17,364.0,0.0,0.0,0.0
17,374.0,153.2,0.0,0.0
17,455.0,0.0,540.0,0.0
17,321.0,81.92857142857143,0.0,0.0
17,328.0,0.0,0.0,0.0
17,422.0,0.0,519.5,0.0
17,449.0,0.0,172.42857142857142,0.0
17,473.0,0.0,0.0,0.0
17,359.0,0.0,248.75,0.0
17,269.0,0.0,0.0,0.0
17,333.0,0.0,0.0,0.0
17,271.0,0.0,0.0,0.0
17,390.0,0.0,0.0,0.0
17,448.0,0.0,0.0,0.0
17,362.0,876.3333333333334,0.0,0.0
17,349.0,0.0,0.0,0.0
17,452.0,103.11111111111111,0.0,0.0
17,284.0,0.0,0.0,0.0
17,291.0,2207.3333333333335,0.0,0.0
17,327.0,0.0,0.0,0.0
15,485.0,6598.0,0.0,0.0
17,421.0,0.0,0.0,0.0
17,306.0,0.0,0.0,0.0
17,260.0,0.0,0.0,0.0
17,326.0,0.0,0.0,0.0
17,350.0,0.0,0.0,0.0
17,290.0,0.0,0.0,0.0
18,471.0,199.83333333333334,0.0,0.0
18,352.0,0.0,0.0,0.0
18,377.0,49.45,0.0,0.0
18,408.0,0.0,0.0,0.0
18,460.0,0.0,0.0,0.0
18,335.0,91.4,0.0,0.0
18,439.0,0.0,0.0,0.0
18,419.0,0.0,18.62162162162162,0.0
18,299.0,0.0,10.107142857142858,0.0
18,449.0,1.1538461538461537,0.0,0.0
18,319.0,0.0,0.0,0.0
18,376.0,0.0,271.0,0.0
18,461.0,0.0,0.0,0.0
18,321.0,0.0,0.0,0.0
18,414.0,0.0,0.0,0.0
18,326.0,0.0,0.0,0.0
18,470.0,0.0,0.0,0.0
18,320.0,0.0,0.0,0.0
18,416.0,61.666666666666664,0.0,0.0
18,347.0,0.0,0.0,0.0
17,342.0,0.0,0.0,0.0
18,301.0,0.0,0.0,0.0
18,361.0,15.333333333333334,3.71875,0.0
18,354.0,0.0,0.0,0.0
18,446.0,0.9627329192546584,35.13253012048193,0.0
18,396.0,0.0,0.0,0.0
18,333.0,0.0,0.0,0.0
18,445.0,0.0,0.0,0.0
18,448.0,15.391304347826088,0.0,0.0
18,353.0,0.0,0.0,0.0
18,360.0,78.0,0.0,0.0
18,459.0,0.0,17.15909090909091,0.0
18,457.0,0.0,0.0,0.0
18,479.0,8.380952380952381,119.28571428571429,0.0
18,367.0,0.0,0.0,0.0
18,397.0,0.0,0.0,0.0
18,334.0,51.22222222222222,0.0,0.0
18,295.0,7.190476190476191,0.0,0.0
18,395.0,0.0,0.0,0.0
18,307.0,0.2916666666666667,0.0,0.0
18,370.0,309.5,0.0,0.0
18,435.0,0.0,49.8235294117647,0.0
18,421.0,0.0,0.0,0.0
18,345.0,0.0,0.0,0.0
18,444.0,0.0,0.0,0.0
18,330.0,0.0,0.0,0.0
18,373.0,0.0,0.0,0.0
18,331.0,0.0,0.0,0.0
18,426.0,0.0,0.0,0.0
18,358.0,0.0,0.0,0.0
18,343.0,0.0,0.0,0.0
18,441.0,0.0,315.7,0.0
18,407.0,0.0,0.0,0.0
18,452.0,0.06666666666666667,0.0,0.0
18,401.0,0.0,38.5,0.0
18,284.0,0.0,0.0,0.0
18,291.0,0.0,0.0,0.0
18,365.0,0.0,0.0,0.0
18,474.0,0.0,12.903614457831326,0.0
18,465.0,138.0,46.05714285714286,0.0
18,269.0,18.0,513.0,0.0
18,378.0,0.0,0.0,0.0
18,477.0,0.0,0.0,0.0
18,355.0,437.3333333333333,0.0,0.0
18,338.0,0.0,191.57894736842104,0.0
18,493.0,0.0,210.46153846153845,0.0
18,415.0,0.0,0.0,0.0
18,323.0,0.0,0.0,0.0
18,364.0,0.0,0.0,0.0
18,359.0,0.0,0.0,0.0
18,442.0,18.88888888888889,158.8235294117647,0.0
18,390.0,0.0,0.0,0.0
18,403.0,0.0,79.3076923076923,0.0
18,417.0,0.0,0.0,0.0
18,349.0,0.0,0.0,0.0
18,350.0,0.0,0.0,0.0
18,402.0,0.0,0.0,0.0
18,267.0,0.0,0.0,0.0
18,478.0,0.0,0.0,0.0
18,432.0,6.1,0.0,0.0
18,488.0,7.714285714285714,0.0,0.0
18,302.0,0.0,0.0,0.0
18,489.0,0.0,42.22222222222222,0.0
18,304.0,0.0,0.0,0.0
18,300.0,0.0,0.0,0.0
18,316.0,0.0,0.0,0.0
18,450.0,0.0,0.0,0.0
18,476.0,6.510204081632653,79.54545454545455,0.0
18,362.0,0.0,234.4,0.0
18,380.0,0.0,0.0,0.0
18,429.0,0.0,0.0,0.0
18,383.0,0.0,0.0,0.0
18,328.0,0.0,0.0,0.0
18,409.0,0.0,0.0,0.0
18,312.0,0.0,0.0,0.0
18,357.0,53.18181818181818,0.0,0.0
18,458.0,62.083333333333336,0.0,0.0
18,327.0,0.0,0.0,0.0
17,485.0,0.0,626.0,0.0
18,391.0,0.0,0.0,0.0
18,438.0,0.0,0.0,0.0
18,423.0,0.0,0.0,0.0
18,427.0,107.83333333333333,0.0,0.0
18,275.0,1.2424242424242424,0.0,0.0
18,405.0,0.0,0.0,0.0
18,454.0,0.0,857.0,0.0
18,342.0,0.0,0.0,0.0
18,363.0,0.0,0.0,0.0
18,260.0,0.0,0.0,0.0
18,455.0,0.5,146.5,0.0
18,303.0,0.0,0.0,0.0
18,292.0,0.0,0.0,0.0
18,404.0,0.0,0.0,0.0
18,351.0,950.0,0.0,0.0
18,372.0,0.0,0.0,0.0
18,374.0,0.0,0.0,0.0
18,422.0,0.0,0.0,0.0
18,400.0,0.0,0.0,0.0
18,283.0,0.0,281.75,0.0
18,305.0,0.0,0.0,0.0
18,451.0,2024.3333333333333,0.0,0.0
18,369.0,0.0,0.0,0.0
18,290.0,0.0,0.0,0.0
18,480.0,0.0,0.0,0.0
18,420.0,0.0,0.0,0.0
18,306.0,115.66666666666667,275.0,0.0
18,464.0,0.0,0.0,0.0
18,346.0,0.0,0.0,0.0
18,285.0,0.0,0.0,0.0
18,271.0,0.0,0.0,0.0
18,230.0,0.0,0.0,0.0
18,473.0,0.0,0.0,0.0
18,412.0,0.0,0.0,0.0
18,311.0,0.0,0.0,0.0
18,274.0,0.0,0.0,0.0
18,339.0,0.0,0.0,0.0
19,445.0,0.0,0.0,0.0
19,460.0,0.0,0.0,0.0
19,405.0,0.0,0.0,0.0
19,408.0,0.0,0.0,0.0
19,352.0,0.0,0.0,0.0
19,452.0,0.09090909090909091,63.52173913043478,0.0
19,403.0,18.0,0.0,0.0
19,461.0,8.784615384615385,0.0,0.0
19,439.0,0.0,0.0,0.0
19,451.0,2121.3333333333335,0.0,0.0
19,355.0,1044.0,0.0,0.0
19,470.0,0.0,0.0,0.0
19,330.0,0.0,0.0,0.0
19,423.0,0.0,0.0,0.0
19,335.0,0.0,0.0,0.0
19,323.0,0.0,0.0,0.0
19,377.0,43.07692307692308,0.0,0.0
19,458.0,0.0,0.0,0.0
19,299.0,6.545454545454546,0.0,0.0
19,457.0,0.0,0.0,0.0
19,306.0,0.0,0.0,0.0
19,390.0,0.0,0.0,0.0
19,416.0,0.0,0.0,0.0
19,415.0,0.0,0.0,0.0
19,476.0,0.0,0.0,0.0
19,370.0,602.0,0.0,0.0
19,295.0,0.0,0.0,0.0
19,419.0,0.0,0.0,0.0
19,354.0,100.0,0.0,0.0
19,474.0,2174.0,0.0,0.0
19,326.0,0.0,0.0,0.0
19,267.0,0.0,0.0,0.0
19,479.0,0.0,57.375,0.0
19,319.0,0.0,0.0,0.0
19,426.0,0.0,0.0,0.0
19,347.0,0.0,0.0,0.0
19,374.0,0.0,0.0,0.0
19,320.0,0.0,0.0,0.0
19,353.0,0.0,0.0,0.0
19,397.0,0.0,0.0,0.0
19,331.0,0.0,0.0,0.0
19,304.0,0.0,0.0,0.0
19,446.0,10.295454545454545,0.0,0.0
19,459.0,0.0,0.0,0.0
19,438.0,0.0,0.0,0.0
19,291.0,0.0,0.0,0.0
19,391.0,0.0,0.0,0.0
19,409.0,0.0,0.0,0.0
19,361.0,0.0,0.0,0.0
19,444.0,0.0,0.0,0.0
19,429.0,0.0,0.0,0.0
19,358.0,0.0,0.0,0.0
19,450.0,0.0,0.0,0.0
19,395.0,0.0,0.0,0.0
19,373.0,0.0,0.0,0.0
19,488.0,0.0,0.0,0.0
19,427.0,0.0,0.0,0.0
19,441.0,0.0,0.0,0.0
19,478.0,16.0,132.0,0.0
19,311.0,0.0,0.0,0.0
19,421.0,0.0,0.0,0.0
19,448.0,6.142857142857143,0.0,0.0
19,312.0,0.0,0.0,0.0
19,464.0,0.0,0.0,0.0
19,328.0,0.0,0.0,0.0
19,471.0,0.0,0.0,0.0
19,275.0,0.0,0.0,0.0
19,271.0,0.0,0.0,0.0
19,284.0,0.0,0.0,0.0
19,465.0,0.0,0.0,0.0
19,302.0,0.0,0.0,0.0
19,378.0,0.0,0.0,0.0
19,321.0,60.9,0.0,0.0
19,338.0,0.0,0.0,0.0
19,360.0,0.0,0.0,0.0
19,342.0,148.16666666666666,0.0,0.0
19,365.0,0.0,0.0,0.0
19,435.0,0.0,0.0,0.0
19,367.0,0.0,0.0,0.0
19,357.0,37.72727272727273,0.0,0.0
19,334.0,0.0,0.0,0.0
19,372.0,0.0,0.0,0.0
19,337.0,2522.25,0.0,0.0
19,316.0,0.0,0.0,0.0
19,404.0,0.0,0.0,0.0
19,449.0,0.0,0.0,0.0
19,432.0,6.25,0.0,0.0
19,400.0,0.0,0.0,0.0
19,307.0,0.0,17.823529411764707,0.0
19,477.0,0.0,0.0,0.0
19,480.0,107.0,0.0,0.0
19,401.0,0.0,0.0,0.0
19,454.0,0.0,0.0,0.0
19,455.0,0.0,0.0,0.0
19,327.0,0.0,0.0,0.0
19,260.0,0.0,0.0,0.0
19,349.0,0.0,0.0,0.0
19,420.0,0.0,0.0,0.0
19,422.0,0.0,0.0,0.0
19,362.0,0.0,0.0,0.0
19,300.0,985.6,0.0,0.0
19,333.0,0.0,0.0,0.0
19,396.0,0.0,0.0,0.0
19,375.0,0.0,0.0,0.0
19,359.0,0.0,0.0,0.0
19,364.0,0.0,0.0,0.0
19,341.0,0.0,0.0,0.0
19,351.0,466.0,0.0,0.0
19,493.0,0.0,0.0,0.0
19,292.0,0.0,0.0,0.0
19,376.0,0.0,0.0,0.0
19,369.0,0.0,0.0,0.0
19,442.0,0.0,0.0,0.0
19,339.0,0.0,0.0,0.0
19,274.0,0.0,0.0,0.0
19,414.0,0.0,0.0,0.0
19,305.0,0.0,0.0,0.0
19,407.0,0.0,0.0,0.0
19,345.0,0.0,0.0,0.0
19,229.0,0.0,0.0,0.0
19,343.0,0.0,0.0,0.0
19,363.0,832.0,0.0,0.0
19,368.0,0.0,0.0,0.0
19,346.0,0.0,0.0,0.0
19,285.0,0.0,0.0,0.0
19,283.0,0.0,0.0,0.0
19,303.0,0.0,0.0,0.0
19,486.0,0.0,0.0,0.0
20,439.0,0.0,0.0,0.0
20,345.0,0.0,0.0,0.0
20,408.0,0.0,0.0,0.0
20,403.0,0.0,0.0,0.0
20,354.0,0.0,0.0,0.0
20,461.0,0.0,0.0,0.0
20,452.0,0.1875,0.0,0.0
20,435.0,0.0,0.0,0.0
20,460.0,0.0,0.0,0.0
20,395.0,0.0,0.0,0.0
20,353.0,0.0,0.0,0.0
20,307.0,0.0,0.0,0.0
20,446.0,15.912280701754385,0.0,0.0
20,470.0,0.0,0.0,0.0
20,295.0,0.0,0.0,0.0
20,330.0,0.0,0.0,0.0
20,352.0,0.0,0.0,0.0
20,457.0,0.0,0.0,0.0
20,445.0,0.0,0.0,0.0
20,401.0,1748.0,0.0,0.0
20,271.0,0.0,0.0,0.0
20,319.0,0.0,0.0,0.0
20,450.0,0.0,0.0,0.0
20,347.0,0.0,0.0,0.0
20,333.0,0.0,0.0,0.0
20,373.0,0.0,0.0,0.0
20,316.0,0.0,0.0,0.0
20,444.0,0.0,0.0,0.0
20,459.0,0.0,0.0,0.0
20,358.0,0.0,0.0,0.0
20,407.0,0.0,0.0,0.0
20,374.0,460.6,0.0,0.0
20,299.0,0.0,0.0,0.0
20,454.0,0.0,0.0,0.0
20,369.0,0.0,0.0,0.0
20,229.0,0.0,0.0,0.0
20,329.0,0.0,0.0,0.0
20,342.0,0.0,0.0,0.0
20,377.0,80.88888888888889,0.0,0.0
20,438.0,0.0,0.0,0.0
20,426.0,0.0,0.0,0.0
20,427.0,0.0,0.0,0.0
20,357.0,0.0,0.0,0.0
20,370.0,632.7058823529412,0.0,0.0
20,291.0,0.0,0.0,0.0
20,361.0,0.0,0.0,0.0
20,323.0,0.0,0.0,0.0
20,396.0,537.6666666666666,0.0,0.0
20,338.0,0.0,0.0,0.0
20,423.0,0.0,0.0,0.0
20,302.0,0.0,0.0,0.0
20,320.0,0.0,0.0,0.0
20,471.0,0.0,0.0,0.0
20,321.0,0.0,0.0,0.0
20,419.0,0.0,0.0,0.0
20,415.0,0.0,0.0,0.0
20,378.0,0.0,0.0,0.0
20,390.0,0.0,0.0,0.0
20,275.0,300.88235294117646,0.0,0.0
20,349.0,0.0,0.0,0.0
20,448.0,21.5,0.0,0.0
20,476.0,0.0,0.0,0.0
20,334.0,0.0,0.0,0.0
20,416.0,104.8,0.0,0.0
20,397.0,0.0,0.0,0.0
20,335.0,0.0,0.0,0.0
20,337.0,2588.0,0.0,0.0
20,458.0,0.0,0.0,0.0
20,474.0,0.0,0.0,0.0
20,375.0,0.0,0.0,0.0
20,367.0,339.6,0.0,0.0
20,283.0,0.0,0.0,0.0
20,360.0,0.0,0.0,0.0
20,441.0,0.0,0.0,0.0
20,284.0,0.0,0.0,0.0
20,312.0,0.0,0.0,0.0
20,365.0,0.0,0.0,0.0
20,351.0,0.0,0.0,0.0
20,364.0,0.0,0.0,0.0
20,304.0,0.0,0.0,0.0
20,292.0,0.0,0.0,0.0
20,486.0,0.0,428.75,0.0
20,346.0,0.0,0.0,0.0
20,326.0,0.0,0.0,0.0
20,331.0,0.0,0.0,0.0
20,404.0,0.0,0.0,0.0
20,363.0,0.0,0.0,0.0
20,328.0,0.0,0.0,0.0
20,412.0,0.0,0.0,0.0
20,300.0,0.0,0.0,0.0
20,449.0,0.0,0.0,0.0
20,465.0,0.0,0.0,0.0
19,484.0,2003.0,0.0,0.0
20,413.0,0.0,0.0,0.0
20,429.0,0.0,0.0,0.0
20,327.0,0.0,0.0,0.0
20,488.0,0.0,0.0,0.0
20,493.0,0.0,0.0,0.0
20,479.0,0.0,0.0,0.0
20,306.0,0.0,0.0,0.0
20,477.0,35.2,0.0,0.0
20,355.0,1441.5,0.0,0.0
20,422.0,0.0,0.0,0.0
20,376.0,0.0,0.0,0.0
20,343.0,0.0,0.0,0.0
20,391.0,0.0,0.0,0.0
20,432.0,2238.0,0.0,0.0
20,455.0,0.0,0.0,0.0
20,487.0,0.0,0.0,0.0
20,451.0,2220.5,0.0,0.0
20,267.0,0.0,0.0,0.0
20,368.0,0.0,0.0,0.0
20,464.0,0.0,0.0,0.0
20,484.0,0.0,0.0,0.0
20,311.0,0.0,0.0,0.0
20,359.0,0.0,0.0,0.0
20,383.0,2079.0,0.0,0.0
20,285.0,0.0,0.0,0.0
20,421.0,0.0,0.0,0.0
20,274.0,0.0,0.0,0.0
21,299.0,8.0,0.0,0.0
21,439.0,0.0,0.0,0.0
21,461.0,0.0,0.0,0.0
21,352.0,90.04761904761905,0.0,0.0
21,353.0,80.86363636363636,0.0,0.0
21,377.0,140.0,0.0,0.0
21,486.0,0.0,0.0,0.0
21,460.0,0.0,0.0,0.0
21,408.0,0.0,45.904761904761905,0.0
21,354.0,0.0,0.0,0.0
21,444.0,0.0,0.0,0.0
21,331.0,0.0,0.0,0.0
21,470.0,0.0,0.0,0.0
21,395.0,0.0,0.0,0.0
21,330.0,0.0,0.0,0.0
21,307.0,0.0,0.0,0.0
21,446.0,0.0,0.0,0.0
21,427.0,8.0,0.0,0.0
21,415.0,0.0,0.0,0.0
21,452.0,0.0,0.0,0.0
21,450.0,0.0,0.0,0.0
21,360.0,0.0,0.0,0.0
21,403.0,0.0,0.0,0.0
21,445.0,0.0,0.0,0.0
21,347.0,0.0,0.0,0.0
21,457.0,0.0,0.0,0.0
21,342.0,0.0,0.0,0.0
21,370.0,145.25,0.0,0.0
21,429.0,0.0,0.0,0.0
21,319.0,0.0,0.0,0.0
21,419.0,0.0,0.0,0.0
21,358.0,0.0,0.0,0.0
21,302.0,0.0,0.0,0.0
21,459.0,0.0,0.0,0.0
21,400.0,0.0,0.0,0.0
21,479.0,0.0,0.0,0.0
21,300.0,0.0,0.0,0.0
21,334.0,0.0,0.0,0.0
21,320.0,91.0,0.0,0.0
21,275.0,0.0,0.0,0.0
21,458.0,0.0,0.0,0.0
21,423.0,0.0,0.0,0.0
21,383.0,0.0,0.0,0.0
21,373.0,0.0,0.0,0.0
21,359.0,0.0,0.0,0.0
21,335.0,0.0,0.0,0.0
21,426.0,0.0,0.0,0.0
21,295.0,0.0,0.0,0.0
21,323.0,0.0,0.0,0.0
21,414.0,0.0,0.0,0.0
21,449.0,0.0,0.0,0.0
21,271.0,0.0,0.0,0.0
21,435.0,0.0,0.0,0.0
21,401.0,0.0,0.0,0.0
21,274.0,0.0,0.0,0.0
21,374.0,187.5,0.0,0.0
21,316.0,0.0,0.0,0.0
21,477.0,0.0,29.666666666666668,0.0
21,328.0,0.0,0.0,0.0
21,464.0,0.0,0.0,0.0
21,321.0,0.0,0.0,0.0
21,365.0,0.0,0.0,0.0
21,448.0,17.2,0.0,0.0
19,383.0,5215.0,0.0,0.0
21,404.0,0.0,0.0,0.0
21,451.0,0.0,0.0,0.0
21,338.0,0.0,0.0,0.0
21,378.0,0.0,0.0,0.0
21,471.0,0.0,0.0,0.0
21,367.0,0.0,0.0,0.0
21,438.0,0.0,0.0,0.0
21,376.0,0.0,0.0,0.0
21,284.0,0.0,0.0,0.0
21,333.0,0.0,0.0,0.0
21,416.0,0.0,0.0,0.0
21,355.0,963.0,0.0,0.0
21,361.0,0.0,0.0,0.0
21,412.0,0.0,0.0,0.0
21,357.0,0.0,0.0,0.0
21,473.0,0.0,0.0,0.0
21,396.0,0.0,0.0,0.0
21,337.0,0.0,0.0,0.0
21,432.0,0.0,0.0,0.0
21,390.0,0.0,0.0,0.0
21,283.0,0.0,0.0,0.0
21,267.0,0.0,0.0,0.0
21,291.0,0.0,0.0,0.0
21,326.0,0.0,0.0,0.0
21,455.0,0.0,0.0,0.0
21,303.0,0.0,0.0,0.0
21,345.0,0.0,0.0,0.0
21,397.0,0.0,0.0,0.0
21,327.0,0.0,0.0,0.0
21,420.0,0.0,0.0,0.0
21,260.0,0.0,0.0,0.0
21,351.0,309.0,0.0,0.0
21,476.0,0.0,0.0,0.0
21,487.0,0.0,0.0,0.0
21,441.0,0.0,0.0,0.0
21,363.0,2138.0,0.0,0.0
21,312.0,0.0,0.0,0.0
21,369.0,0.0,0.0,0.0
21,421.0,0.0,0.0,0.0
21,311.0,0.0,0.0,0.0
22,459.0,0.0,0.0,0.0
22,446.0,0.0,0.0,0.0
22,397.0,0.0,0.0,0.0
22,470.0,0.0,0.0,0.0
22,275.0,0.0,0.0,0.0
22,426.0,0.0,0.0,0.0
22,299.0,0.0,0.0,0.0
22,461.0,0.0,0.0,0.0
22,295.0,0.0,0.0,0.0
22,416.0,0.0,0.0,0.0
22,323.0,0.0,0.0,0.0
22,320.0,0.0,0.0,0.0
22,395.0,0.0,0.0,0.0
22,302.0,0.0,0.0,0.0
22,321.0,0.0,0.0,0.0
22,460.0,0.0,0.0,0.0
22,439.0,0.0,0.0,0.0
22,357.0,0.0,0.0,0.0
22,352.0,0.0,0.0,0.0
22,408.0,0.0,0.0,0.0
22,438.0,0.0,0.0,0.0
22,307.0,0.0,0.0,0.0
22,365.0,0.0,0.0,0.0
22,370.0,0.0,0.0,0.0
22,349.0,0.0,0.0,0.0
22,376.0,0.0,0.0,0.0
22,354.0,0.0,0.0,0.0
22,360.0,0.0,0.0,0.0
22,444.0,0.0,0.0,0.0
22,284.0,0.0,0.0,0.0
22,316.0,0.0,0.0,0.0
22,353.0,0.0,0.0,0.0
22,445.0,0.0,0.0,0.0
22,345.0,0.0,0.0,0.0
22,448.0,0.0,0.0,0.0
22,450.0,0.0,0.0,0.0
22,347.0,0.0,0.0,0.0
22,361.0,0.0,0.0,0.0
22,403.0,0.0,0.0,0.0
22,319.0,0.0,0.0,0.0
22,373.0,0.0,0.0,0.0
22,374.0,0.0,0.0,0.0
22,267.0,0.0,0.0,0.0
22,311.0,0.0,0.0,0.0
22,358.0,0.0,0.0,0.0
22,401.0,0.0,0.0,0.0
22,396.0,0.0,0.0,0.0
22,341.0,0.0,0.0,0.0
22,413.0,0.0,0.0,0.0
22,422.0,0.0,0.0,0.0
22,457.0,0.0,0.0,0.0
22,367.0,0.0,0.0,0.0
22,435.0,0.0,0.0,0.0
22,471.0,0.0,0.0,0.0
22,427.0,0.0,0.0,0.0
22,328.0,0.0,0.0,0.0
22,458.0,0.0,0.0,0.0
22,414.0,0.0,0.0,0.0
22,327.0,0.0,0.0,0.0
22,229.0,0.0,0.0,0.0
22,377.0,0.0,0.0,0.0
22,452.0,0.0,0.0,0.0
22,355.0,0.0,0.0,0.0
22,283.0,0.0,0.0,0.0
22,330.0,0.0,0.0,0.0
22,372.0,0.0,0.0,0.0
22,356.0,0.0,0.0,0.0
20,230.0,6402.0,0.0,0.0
21,247.0,6144.0,0.0,0.0
22,305.0,0.0,0.0,0.0
22,274.0,0.0,0.0,0.0
22,479.0,0.0,0.0,0.0
22,230.0,0.0,0.0,0.0
22,300.0,0.0,0.0,0.0
22,312.0,0.0,0.0,0.0
22,292.0,0.0,0.0,0.0
22,335.0,0.0,0.0,0.0
22,247.0,0.0,0.0,0.0
22,303.0,0.0,0.0,0.0
23,321.0,0.0,0.0,0.0
23,461.0,0.0,0.0,0.0
23,459.0,0.0,0.0,0.0
23,460.0,0.0,0.0,0.0
23,275.0,0.0,0.0,0.0
23,335.0,0.0,0.0,0.0
23,446.0,0.0,0.0,0.0
23,441.0,0.0,0.0,0.0
23,347.0,0.0,0.0,0.0
23,299.0,0.0,0.0,0.0
23,401.0,0.0,0.0,0.0
23,330.0,0.0,0.0,0.0
23,331.0,0.0,0.0,0.0
23,307.0,0.0,0.0,0.0
23,439.0,0.0,0.0,0.0
23,470.0,0.0,0.0,0.0
23,377.0,0.0,0.0,0.0
23,354.0,0.0,0.0,0.0
23,352.0,0.0,0.0,0.0
23,292.0,0.0,0.0,0.0
23,312.0,0.0,0.0,0.0
23,444.0,0.0,0.0,0.0
23,353.0,0.0,0.0,0.0
23,334.0,0.0,0.0,0.0
23,361.0,0.0,0.0,0.0
23,458.0,0.0,0.0,0.0
23,364.0,0.0,0.0,0.0
23,342.0,0.0,0.0,0.0
23,295.0,0.0,0.0,0.0
23,435.0,0.0,0.0,0.0
23,376.0,0.0,0.0,0.0
23,408.0,0.0,0.0,0.0
23,355.0,0.0,0.0,0.0
23,358.0,0.0,0.0,0.0
23,479.0,0.0,0.0,0.0
23,457.0,0.0,0.0,0.0
23,372.0,0.0,0.0,0.0
23,452.0,0.0,0.0,0.0
23,423.0,0.0,0.0,0.0
23,374.0,0.0,0.0,0.0
24,452.0,0.0,0.0,0.0
24,458.0,0.0,0.0,0.0
24,459.0,0.0,0.0,0.0
24,461.0,0.0,0.0,0.0
24,377.0,210.0,0.0,0.0
24,446.0,0.0,0.0,0.0
24,354.0,0.0,0.0,0.0
24,355.0,0.0,0.0,0.0
24,295.0,0.0,0.0,0.0
24,271.0,0.0,0.0,0.0
24,479.0,0.0,0.0,0.0
24,460.0,0.0,0.0,0.0
24,470.0,0.0,0.0,0.0
24,307.0,0.0,0.0,0.0
24,373.0,0.0,0.0,0.0
24,321.0,0.0,0.0,0.0
24,457.0,0.0,0.0,0.0
24,445.0,0.0,0.0,0.0
24,376.0,0.0,0.0,0.0
24,352.0,0.0,0.0,0.0
24,444.0,0.0,0.0,0.0
25,377.0,0.0,0.0,0.0
25,444.0,0.0,0.0,0.0
25,446.0,0.0,0.0,0.0
25,470.0,0.0,0.0,0.0