timeOfDayInSeconds,personId,rideHailVehicleId,waitingTimeInSeconds
28381.0,201-2015000050024-092430,rideHailVehicle-201-2013000280546-136649,58.0
28461.0,1804-2013000550247-043641,rideHailVehicle-1801-2016000327234-0132085,50.0
28854.0,1902-2015000839944-0110282,rideHailVehicle-1901-2014001213505-087724,9.0
29132.0,401-2016000086561-0126802,rideHailVehicle-500-2016000607896-1139226,40.0
29530.0,201-2012000566763-111448,rideHailVehicle-201-2016000544078-1137599,232.0
29435.0,201-2014001281447-088711,rideHailVehicle-201-2014001205505-087411,540.0
29917.0,1500-2014001061014-083651,rideHailVehicle-1902-2013000519245-042221,56.0
30545.0,1700-2014000987574-081110,rideHailVehicle-1600-2012000566763-111488,33.0
30963.0,300-2016001223046-0151821,rideHailVehicle-300-2012000903731-018299,29.0
30963.0,300-2016001223046-0151997,rideHailVehicle-300-2016000510160-1136725,29.0
31520.0,1700-2015000794086-0107393,rideHailVehicle-1700-2015000794086-0107430,242.0
32092.0,900-2015000949415-0112930,rideHailVehicle-900-2014001166634-086084,50.0
31766.0,201-2013000280546-136427,rideHailVehicle-201-2013000532687-042571,510.0
32684.0,900-2012000156497-02842,rideHailVehicle-900-2012000354056-07207,58.0
33080.0,202-2015000458232-099774,rideHailVehicle-202-2012000311610-06146,39.0
33079.0,1700-2014000987574-081338,rideHailVehicle-1700-2014000987574-081186,33.0
33510.0,100-2012000217991-04448,rideHailVehicle-100-2014000488669-071591,24.0
33673.0,900-2016000116811-0127703,rideHailVehicle-900-2015000102574-093027,73.0
33707.0,1105-2012000401040-38139,rideHailVehicle-1105-2015001283493-0120015,132.0
33759.0,10401-2013000703547-047059,rideHailVehicle-1804-2014000561422-073825,50.0
33819.0,1902-2015000087715-092867,rideHailVehicle-1902-2015000087715-092867,13.0
33822.0,700-2016001368397-0153977,rideHailVehicle-900-2016000327234-0132073,42.0
33819.0,1902-2015000087715-092834,rideHailVehicle-1902-2014000495145-072101,141.0
34088.0,1500-2016000012225-2124639,rideHailVehicle-1500-2016001216686-0151358,58.0
34134.0,202-2015000458232-099814,rideHailVehicle-202-2015000458232-099694,103.0
34257.0,1600-2013000438496-040821,rideHailVehicle-1600-2012000493995-010046,44.0
34712.0,500-2016000905283-0146152,rideHailVehicle-1600-2012000566763-111488,33.0
34941.0,300-2013000570002-043798,rideHailVehicle-408-2015000759098-0105910,54.0
35091.0,100-2012000217991-04404,rideHailVehicle-100-2012000217991-04272,24.0
35297.0,900-2013000298655-037350,rideHailVehicle-202-2013000258802-035711,17.0
35450.0,700-2015000467368-099992,rideHailVehicle-700-2016000699058-0141668,72.0
35472.0,900-2013000056397-230630,rideHailVehicle-900-2016000772838-1143323,32.0
35656.0,10600-2016000905283-0146190,rideHailVehicle-10600-2014000053367-062151,43.0
35656.0,10600-2016000905283-0146131,rideHailVehicle-10600-2013000902944-049996,72.0
35588.0,1500-2014001338541-089752,rideHailVehicle-1500-2015001324443-0121333,303.0
35946.0,406-2016000874667-0145485,rideHailVehicle-405-2015000806558-0108176,25.0
35907.0,100-2012000559396-011055,rideHailVehicle-100-2012000559396-010896,62.0
35910.0,401-2016000086561-0126802,rideHailVehicle-500-2012000131467-02178,27.0
36378.0,300-2012000164709-03120,rideHailVehicle-300-2013000487483-041864,124.0
36484.0,1500-2014000180574-065440,rideHailVehicle-1500-2015000189392-094800,7.0
36551.0,1001-2014000053367-062204,rideHailVehicle-1001-2015000804471-0108125,58.0
36551.0,1001-2015001270029-0119763,rideHailVehicle-1001-2016001487612-0157322,58.0
36735.0,202-2013001200076-055619,rideHailVehicle-202-2013000280546-136430,55.0
36723.0,1500-2016000012225-2124728,rideHailVehicle-1500-2016001216686-0151395,106.0
36892.0,1600-2013000438496-040735,rideHailVehicle-1600-2012001111971-022517,44.0
36959.0,1902-2013000890503-049568,rideHailVehicle-1700-2015000884043-0111800,124.0
37024.0,1001-2013001157196-054503,rideHailVehicle-202-2012000662466-013373,17.0
37134.0,1700-2016000116811-0128002,rideHailVehicle-1500-2016001216686-0151358,24.0
37237.0,10600-2014000053367-062387,rideHailVehicle-10600-2016001178626-0150134,43.0
37125.0,1902-2015000837180-0110106,rideHailVehicle-1901-2016000614752-0139495,18.0
37280.0,10405-2016001210775-1151217,rideHailVehicle-10405-2013001099005-153678,58.0
37348.0,202-2012000397841-07947,rideHailVehicle-202-2015001264337-0119500,67.0
37348.0,202-2016000155763-0128395,rideHailVehicle-202-2016000155763-0128395,67.0
37348.0,202-2012000397841-07903,rideHailVehicle-202-2014000032166-061393,67.0
37419.0,1600-2013000438496-040993,rideHailVehicle-1600-2016001091548-1148848,44.0
37471.0,900-2013000190262-134138,rideHailVehicle-900-2014000495145-072161,58.0
37529.0,202-2015000795744-0107790,rideHailVehicle-202-2012000311610-06146,44.0
37596.0,1902-2016000674160-0140797,rideHailVehicle-10104-2014000434311-070211,38.0
37874.0,600-2015001440276-0123206,rideHailVehicle-600-2014000987574-081400,3.0
37851.0,300-2016001223046-0151821,rideHailVehicle-300-2016000510160-1136725,51.0
37851.0,300-2016001223046-0151997,rideHailVehicle-300-2012000903731-018299,51.0
37946.0,1600-2013000438496-040907,rideHailVehicle-1600-2016001082300-0148484,44.0
38151.0,1500-2014001061014-083651,rideHailVehicle-1500-2015000712347-1104933,4.0
38097.0,1902-2016001407958-1154526,rideHailVehicle-1902-2012000854454-017432,58.0
38288.0,1801-2015001291004-0120137,rideHailVehicle-1801-2013000634285-045267,17.0
38328.0,1101-2016001210684-2150835,rideHailVehicle-1101-2013000258802-035853,58.0
38389.0,1002-2013000895447-149748,rideHailVehicle-1002-2014000039346-161549,22.0
38445.0,1001-2012000156497-02843,rideHailVehicle-202-2016000880566-0145790,11.0
38624.0,1200-2012001118760-122771,rideHailVehicle-1101-2013000510432-042109,62.0
38691.0,700-2014001205505-087522,rideHailVehicle-700-2012000963809-419384,16.0
38674.0,1002-2015000502599-0100440,rideHailVehicle-1200-2015000732389-1105746,14.0
38796.0,500-2016000905283-0146093,rideHailVehicle-500-2016001048510-0148334,33.0
38778.0,1600-2012000963809-319448,rideHailVehicle-1600-2012001239814-024234,62.0
38824.0,500-2013001157196-054499,rideHailVehicle-500-2015001219743-0118226,7.0
38921.0,900-2015000400656-099265,rideHailVehicle-900-2016000267720-0131270,123.0
39107.0,1500-2013001232881-056372,rideHailVehicle-1500-2013001232881-056292,14.0
39107.0,1500-2012001462917-029098,rideHailVehicle-1500-2014000536339-073042,14.0
39221.0,1500-2016000250854-1130705,rideHailVehicle-1500-2015001324443-0121333,1.0
39201.0,1002-2016001210684-1150933,rideHailVehicle-202-2013000258802-035711,232.0
39365.0,10405-2014000665701-075844,rideHailVehicle-10405-2015000087715-092868,41.0
39398.0,700-2014001002756-082090,rideHailVehicle-700-2012001145091-023344,67.0
39336.0,900-2012000829853-116642,rideHailVehicle-900-2012000829853-116578,50.0
39424.0,100-2016000116811-0127670,rideHailVehicle-100-2012000420927-08807,44.0
39424.0,100-2013000668727-046393,rideHailVehicle-100-2016000116811-0127924,44.0
39297.0,1801-2013001005169-051569,rideHailVehicle-1801-2013001005169-051537,59.0
39499.0,1001-2012000156497-02919,rideHailVehicle-202-2014000793041-077078,11.0
39562.0,1600-2015000884043-0111937,rideHailVehicle-600-2015000018888-091744,23.0
39614.0,300-2012000816252-016025,rideHailVehicle-300-2012000401040-08005,9.0
39579.0,1600-2014000079080-063004,rideHailVehicle-1600-2016000644235-0140115,43.0
39634.0,1500-2014000536339-072999,rideHailVehicle-1600-2012001239814-024234,4.0
39579.0,1600-2014000079080-063055,rideHailVehicle-1600-2012000395090-07794,43.0
39728.0,1002-2015000723275-0105056,rideHailVehicle-900-2016000772838-1143323,0.0
39797.0,1600-2015000837069-0110064,rideHailVehicle-1600-2014001394187-090590,67.0
39863.0,900-2016000510160-0136664,rideHailVehicle-1200-2013000093869-031484,50.0
39899.0,700-2015000981882-0113808,rideHailVehicle-201-2015000306203-097134,56.0
40133.0,405-2012000409452-08636,rideHailVehicle-401-2015001102883-0116033,107.0
40255.0,1002-2012000251540-05137,rideHailVehicle-1002-2012001414670-028214,0.0
39951.0,100-2016000116811-0127924,rideHailVehicle-100-2012000559396-011108,269.0
40222.0,1002-2015000772981-0106666,rideHailVehicle-1002-2014001139730-185444,22.0
40161.0,1500-2015000712347-1104871,rideHailVehicle-1500-2012001462917-029056,143.0
40230.0,1901-2013000190262-034100,rideHailVehicle-1902-2013000641521-045602,58.0
40216.0,900-2012000156497-02842,rideHailVehicle-900-2012000354056-07207,170.0
40090.0,1002-2014000046617-061621,rideHailVehicle-1002-2014000046617-061604,232.0
40300.0,1600-2013000438496-040821,rideHailVehicle-500-2013000178929-033442,131.0
40256.0,1002-2013000226280-034958,rideHailVehicle-1002-2015001024517-0114622,206.0
40486.0,1001-2016000250854-0130768,rideHailVehicle-1200-2015000879933-0111701,67.0
40640.0,1500-2012000734635-014484,rideHailVehicle-10600-2015000804471-0108164,57.0
40621.0,1801-2012001471932-029489,rideHailVehicle-10104-2012001433817-128652,44.0
40688.0,1500-2016001412423-0154758,rideHailVehicle-1500-2015001314717-4121163,43.0
40638.0,500-2015001311731-0120710,rideHailVehicle-500-2016000949187-0146846,58.0
40851.0,1600-2015000837069-0109976,rideHailVehicle-1600-2012000395090-07794,62.0
41013.0,1002-2016000645198-0140318,rideHailVehicle-1002-2013000359041-238015,73.0
40936.0,1600-2013001421148-059361,rideHailVehicle-1600-2013001421148-059361,5.0
41144.0,1002-2012000164709-23150,rideHailVehicle-1002-2013000787397-048152,0.0
41058.0,1700-2015000794086-0107393,rideHailVehicle-1700-2015000794086-0107430,43.0
41133.0,700-2016000770003-0143123,rideHailVehicle-700-2012000963809-419384,57.0
41215.0,1500-2015000712347-1104995,rideHailVehicle-1500-2016001412423-0154704,43.0
41165.0,500-2015001311731-0120662,rideHailVehicle-1500-2016001216686-0151358,61.0
40782.0,1002-2016001210684-1150831,rideHailVehicle-1002-2014000221274-066331,464.0
41215.0,1500-2016001412423-0154731,rideHailVehicle-1902-2013000519245-042221,113.0
41400.0,202-2013000179683-033670,rideHailVehicle-202-2016001467581-0156442,29.0
41400.0,202-2016001210775-0151115,rideHailVehicle-202-2013000068309-031128,29.0
41463.0,1600-2013001421148-059387,rideHailVehicle-1600-2013001421148-059413,16.0
41633.0,1600-2012000078687-01566,rideHailVehicle-1600-2012000395090-07753,44.0
41787.0,900-2013000663889-045937,rideHailVehicle-900-2012000401040-18330,12.0
41994.0,1001-2013000620807-045234,rideHailVehicle-1002-2015001369519-0121981,58.0
42164.0,500-2016000510160-0136660,rideHailVehicle-500-2016001187407-0150492,58.0
42128.0,700-2012000970914-020058,rideHailVehicle-700-2015000938182-1112723,58.0
42149.0,700-2012000397841-07912,rideHailVehicle-700-2012001382026-027407,68.0
42263.0,1105-2012000401040-38139,rideHailVehicle-1105-2015001283493-0120015,17.0
42198.0,1002-2016000116811-0127709,rideHailVehicle-1002-2014000976338-080985,232.0
42198.0,1002-2016000116811-0127963,rideHailVehicle-1002-2015000902296-0112321,232.0
42198.0,1002-2016000116811-0127836,rideHailVehicle-1002-2012001414670-028285,232.0
42432.0,1600-2015000837069-0110020,rideHailVehicle-1600-2016000644235-0140115,62.0
42550.0,10405-2012001067422-021806,rideHailVehicle-10405-2014001404766-090805,58.0
42428.0,1901-2014000113616-063795,rideHailVehicle-1901-2014000113616-063537,207.0
42586.0,100-2016000116811-0127797,rideHailVehicle-100-2012000420927-08848,44.0
42612.0,600-2013000377800-138967,rideHailVehicle-500-2012001048206-021041,157.0
42719.0,202-2015000458232-099774,rideHailVehicle-202-2013000376438-038610,58.0
42688.0,1500-2016000012225-2124639,rideHailVehicle-1600-2012000566763-111488,7.0
42227.0,1902-2016000829228-0144507,rideHailVehicle-1902-2014000174501-065334,738.0
42227.0,1902-2014000174501-065378,rideHailVehicle-1500-2015000480109-0100189,738.0
42227.0,10104-2013000258802-135793,rideHailVehicle-1101-2014000331760-069046,738.0
42227.0,10104-2013000258802-135836,rideHailVehicle-1902-2014000614689-074928,738.0
42227.0,1902-2016000829228-0144529,rideHailVehicle-10102-2015000949415-2112906,738.0
42227.0,10104-2013000258802-135750,rideHailVehicle-1500-2015000784412-2106934,738.0
42227.0,10104-2013000258802-135707,rideHailVehicle-10102-2014000266090-167543,738.0
42227.0,1902-2014000614689-074944,rideHailVehicle-1902-2014000614689-074960,738.0
42227.0,10104-2015001453276-0123281,rideHailVehicle-10104-2015001453276-0123281,738.0
42227.0,10104-2015001453276-0123287,rideHailVehicle-1902-2016000829228-0144496,738.0
42227.0,1902-2016000829228-0144518,rideHailVehicle-10104-2012000178004-13558,738.0
42981.0,202-2013000153074-032887,rideHailVehicle-202-2016001210775-0151115,87.0
42989.0,1600-2014000858265-078522,rideHailVehicle-1600-2016000069252-0126512,44.0
43036.0,202-2013001200076-055619,rideHailVehicle-202-2013000280546-136430,78.0
43069.0,406-2013000062460-030888,rideHailVehicle-406-2012000353261-26811,58.0
43121.0,1002-2013000576300-043938,rideHailVehicle-900-2014001166634-086084,119.0
43161.0,300-2013000570002-043798,rideHailVehicle-300-2012000903731-018299,27.0
43121.0,500-2016000905283-0146152,rideHailVehicle-1700-2013001099005-053738,32.0
43121.0,1002-2013000576300-043951,rideHailVehicle-900-2015000102574-093027,119.0
43125.0,1002-2013000914558-150245,rideHailVehicle-1001-2016000250854-0130768,119.0
43189.0,1001-2012000987013-020343,rideHailVehicle-1002-2015000879933-0111738,58.0
43051.0,700-2015000467368-099992,rideHailVehicle-700-2015000732389-0105727,253.0
43672.0,1902-2013000890503-049568,rideHailVehicle-1700-2015000884043-0111800,31.0
43775.0,700-2012000633457-012614,rideHailVehicle-700-2013001154841-054352,58.0
43821.0,1200-2013000914558-150196,rideHailVehicle-1200-2015000242612-095918,43.0
43744.0,700-2016000215171-0129410,rideHailVehicle-700-2015000578512-0101510,5.0
43905.0,10405-2012000529759-010404,rideHailVehicle-10405-2012001118760-122655,58.0
43905.0,10405-2013001328389-057963,rideHailVehicle-10405-2012000493995-010054,58.0
43905.0,10405-2016000266802-0131184,rideHailVehicle-10405-2014000254448-067186,58.0
43905.0,10405-2013001328389-057942,rideHailVehicle-10405-2013001328389-057921,58.0
43841.0,10104-2012001337606-026271,rideHailVehicle-10104-2015000290126-196655,51.0
43905.0,10405-2013001099005-153754,rideHailVehicle-10405-2015000397926-098953,58.0
43905.0,10405-2012001464904-029253,rideHailVehicle-10405-2012000529759-010444,58.0
43905.0,10405-2012001067422-021843,rideHailVehicle-10405-2015000133808-093480,58.0
43905.0,10405-2012001067422-021880,rideHailVehicle-10405-2015000875080-1111186,58.0
43905.0,10405-2015000795744-1107873,rideHailVehicle-10405-2016001210775-1151101,58.0
43905.0,10405-2014001404766-090805,rideHailVehicle-10405-2012001067422-021843,58.0
43905.0,10405-2012000529759-010484,rideHailVehicle-10405-2013001135090-053905,58.0
43965.0,1200-2013000934703-050663,rideHailVehicle-1200-2016000836708-0144900,44.0
43905.0,10405-2014001160902-085986,rideHailVehicle-10405-2015000831253-1109765,58.0
43905.0,10405-2012001067422-021769,rideHailVehicle-10405-2012001464904-029296,58.0
43905.0,10405-2015000875080-1111510,rideHailVehicle-10405-2014001404766-090768,58.0
43905.0,10405-2012001067422-021732,rideHailVehicle-10405-2013001328389-057963,58.0
43905.0,10405-2014001275264-088659,rideHailVehicle-10405-2013000668727-046368,58.0
43905.0,10405-2012000529759-010444,rideHailVehicle-10405-2015000643096-0103677,58.0
44102.0,1001-2014000596551-074816,rideHailVehicle-1001-2013000532687-242616,58.0
44306.0,1002-2015000099042-092912,rideHailVehicle-1002-2015000557350-1101107,0.0
44243.0,1002-2012000805694-015658,rideHailVehicle-1001-2014000036459-061505,58.0
44230.0,1901-2016000607896-1139292,rideHailVehicle-1901-2013000190262-034028,58.0
44230.0,1901-2016000607896-1138926,rideHailVehicle-1901-2012000353261-07171,58.0
44426.0,10405-2013000668727-246495,rideHailVehicle-10405-2013001219485-056046,43.0
44426.0,10405-2012000965843-119988,rideHailVehicle-10405-2014001046127-083186,43.0
44476.0,700-2012000987013-020341,rideHailVehicle-700-2012000987013-020209,18.0
44527.0,10102-2014000053367-062154,rideHailVehicle-10102-2016001497890-0157523,50.0
44142.0,900-2013000056397-230630,rideHailVehicle-1002-2016000772838-1143505,435.0
44614.0,202-2016000155763-0128395,rideHailVehicle-700-2015000578512-0101510,40.0
44614.0,202-2012000397841-07947,rideHailVehicle-202-2016000155763-0128395,40.0
44614.0,202-2012000397841-07903,rideHailVehicle-202-2015001264337-0119500,40.0
44666.0,100-2012000217991-04448,rideHailVehicle-100-2014000488669-071591,44.0
44747.0,1902-2015000087715-092867,rideHailVehicle-1902-2015000087715-092867,0.0
44747.0,1902-2015000087715-092834,rideHailVehicle-1902-2014000495145-072101,0.0
44715.0,406-2012001433817-028739,rideHailVehicle-406-2013001204199-055673,39.0
44730.0,500-2012000131467-02479,rideHailVehicle-406-2012000353261-26811,21.0
44826.0,700-2013000570002-043806,rideHailVehicle-700-2012000987013-020341,9.0
44774.0,900-2015000949415-0112930,rideHailVehicle-1002-2014001139730-185515,19.0
44730.0,500-2012000131467-02522,rideHailVehicle-1801-2013001005169-051537,27.0
44808.0,300-2012000164709-03120,rideHailVehicle-600-2016001232300-0152511,18.0
44798.0,700-2016000215171-0129451,rideHailVehicle-700-2013000377800-238850,16.0
44959.0,10405-2016000674160-0140759,rideHailVehicle-10405-2012001067422-021695,58.0
45089.0,202-2013000179683-033713,rideHailVehicle-202-2014000221484-066368,86.0
45054.0,10600-2016001043314-0148173,rideHailVehicle-10600-2016001043314-0148193,58.0
45162.0,900-2014000533554-072874,rideHailVehicle-202-2012000662466-013373,22.0
45151.0,1500-2016000250854-1130793,rideHailVehicle-1500-2013000564255-143681,1.0
45046.0,300-2014000448294-070621,rideHailVehicle-300-2012000401040-08005,49.0
45324.0,405-2014000174501-065306,rideHailVehicle-407-2015001165446-0117479,25.0
45575.0,1001-2015001270029-0119763,rideHailVehicle-1101-2013000145970-032668,12.0
45575.0,1001-2014000053367-062204,rideHailVehicle-1001-2015000804471-0108125,12.0
45593.0,10600-2016000905283-0146131,rideHailVehicle-1600-2016000069252-0126512,34.0
45593.0,10600-2016000905283-0146190,rideHailVehicle-1500-2015000189392-094800,34.0
45783.0,1600-2014000901035-079560,rideHailVehicle-1500-2015001324443-0121333,38.0
45784.0,500-2012000131467-02436,rideHailVehicle-500-2012000131467-02264,57.0
45774.0,600-2013000377800-139207,rideHailVehicle-1600-2013001394719-358858,161.0
45846.0,1600-2012000963809-319634,rideHailVehicle-1600-2012000539363-010570,62.0
45967.0,202-2015000458232-099814,rideHailVehicle-202-2016001407958-0154481,58.0
46111.0,1600-2016000069252-0126428,rideHailVehicle-1600-2014001093569-184609,44.0
46215.0,1700-2015000795744-1107853,rideHailVehicle-1700-2014001045407-083091,9.0
46218.0,700-2016001368397-0153977,rideHailVehicle-700-2015000981882-0113787,56.0
46215.0,1700-2014001079600-084120,rideHailVehicle-1700-2015001219743-0118329,9.0
46331.0,1500-2015001363337-0121850,rideHailVehicle-1600-2013001200076-055641,2.0
46523.0,100-2013000668727-046393,rideHailVehicle-100-2016000116811-0127924,43.0
46489.0,1600-2012000409452-08653,rideHailVehicle-1600-2016000900036-0145931,43.0
46523.0,100-2016000116811-0127670,rideHailVehicle-100-2012000420927-08807,43.0
46443.0,1500-2015001324443-0121373,rideHailVehicle-10600-2013000818226-048628,156.0
46787.0,900-2012000829853-116642,rideHailVehicle-900-2012000829853-116578,45.0
46819.0,10104-2014000266090-267547,rideHailVehicle-10102-2014001404766-090770,11.0
46939.0,1700-2014000987574-081338,rideHailVehicle-1700-2014000987574-081186,26.0
46905.0,405-2013000190262-034055,rideHailVehicle-406-2013000369969-038529,25.0
46956.0,1001-2016000250854-0130768,rideHailVehicle-1200-2015000879933-0111701,87.0
46865.0,1200-2013001097023-053444,rideHailVehicle-1200-2013001357772-058464,43.0
46858.0,1500-2015001363337-0121837,rideHailVehicle-1600-2013000606389-244460,27.0
47087.0,202-2015000795744-0107790,rideHailVehicle-202-2012000311610-06146,16.0
47149.0,1700-2016000116811-0128002,rideHailVehicle-300-2013000481572-041510,67.0
46962.0,900-2013000298655-037350,rideHailVehicle-1002-2013000438496-040968,312.0
47316.0,1500-2012000164709-33182,rideHailVehicle-600-2014000114846-063990,50.0
47352.0,10600-2016001043314-0148193,rideHailVehicle-1600-2016000069252-0126512,87.0
47446.0,300-2016000772838-0143392,rideHailVehicle-300-2013000895447-149727,27.0
47710.0,1106-2016000905283-2146166,rideHailVehicle-1108-2012000836407-016842,40.0
47731.0,1700-2012000164709-03186,rideHailVehicle-406-2013001204199-055673,12.0
47732.0,1002-2013001282756-157139,rideHailVehicle-1106-2013001390857-158611,13.0
47722.0,700-2012001325614-025688,rideHailVehicle-700-2016000250854-0130676,33.0
47732.0,1106-2013000293337-237195,rideHailVehicle-1106-2015000213571-195575,13.0
47847.0,1902-2016001407958-1154526,rideHailVehicle-1500-2012000629682-012463,25.0
47862.0,406-2016000874667-0145485,rideHailVehicle-500-2015001219743-0118591,58.0
47893.0,1801-2015001291004-0120137,rideHailVehicle-1801-2013000634285-045267,26.0
47892.0,500-2012000131467-02393,rideHailVehicle-500-2016000607896-1139226,62.0
47909.0,300-2012000816252-016025,rideHailVehicle-300-2015000784380-0106836,27.0
47924.0,1902-2016000674160-0140797,rideHailVehicle-10104-2014000434311-070211,31.0
47895.0,1901-2013000190262-034028,rideHailVehicle-1901-2013000293337-037207,74.0
48057.0,10104-2012000529759-010449,rideHailVehicle-10104-2013000532687-443065,51.0
48081.0,1500-2014001338541-089752,rideHailVehicle-1600-2014001093569-184609,26.0
48147.0,100-2016000116811-0127924,rideHailVehicle-100-2012000559396-011108,43.0
48070.0,900-2013000190262-134138,rideHailVehicle-202-2013001274069-056952,107.0
48034.0,1002-2014000046617-061621,rideHailVehicle-1002-2013000359041-238015,46.0
47590.0,201-2016000510160-0136575,rideHailVehicle-201-2016000275343-0131538,616.0
48194.0,1500-2013001232881-056372,rideHailVehicle-10600-2013000902944-049996,77.0
48194.0,1500-2012001462917-029098,rideHailVehicle-10600-2014000053367-062151,77.0
48250.0,700-2014001205505-087522,rideHailVehicle-700-2013000485454-041571,63.0
48259.0,1106-2012000816252-116043,rideHailVehicle-1106-2015000373339-198226,13.0
48235.0,1902-2016001407958-1154652,rideHailVehicle-10104-2015000804471-1108030,207.0
48259.0,1106-2013000226280-134965,rideHailVehicle-1106-2016001293033-0153551,13.0
48423.0,1600-2015000884043-0111937,rideHailVehicle-600-2015000018888-091744,23.0
48411.0,900-2016000510160-0136664,rideHailVehicle-1200-2013000093869-031484,45.0
48420.0,1600-2013000438496-040735,rideHailVehicle-500-2013000113035-032235,63.0
48406.0,10600-2016001043314-0148153,rideHailVehicle-1500-2015000189392-094800,87.0
48426.0,100-2012000559396-011055,rideHailVehicle-100-2012000559396-010896,42.0
48397.0,1200-2012000177185-03515,rideHailVehicle-1200-2015000833379-0109798,44.0
48500.0,300-2016000772838-0143481,rideHailVehicle-300-2012001333257-026186,44.0
48500.0,300-2016000412886-0134334,rideHailVehicle-300-2012000672671-013628,44.0
48500.0,300-2016000412886-0134294,rideHailVehicle-300-2012001134055-223217,27.0
48580.0,1002-2016000645198-0140318,rideHailVehicle-900-2015000102574-093027,87.0
48652.0,700-2015000981882-0113808,rideHailVehicle-201-2015000306203-097134,5.0
48639.0,401-2014000145629-064699,rideHailVehicle-401-2014000145629-064611,6.0
48625.0,600-2015000895578-0112079,rideHailVehicle-600-2015000895578-0112045,63.0
48696.0,1600-2012000372616-07468,rideHailVehicle-1901-2013000994680-051429,58.0
48241.0,1101-2012001348316-026329,rideHailVehicle-1101-2014000125384-364403,574.0
48793.0,405-2014000836826-177937,rideHailVehicle-405-2013000062460-030803,39.0
48793.0,405-2016001223046-2151915,rideHailVehicle-405-2016001210684-1150811,39.0
48874.0,1500-2014001362907-090393,rideHailVehicle-10104-2015001391700-2122446,37.0
48850.0,1700-2014001079600-084249,rideHailVehicle-1700-2014000863087-078596,3.0
48825.0,1200-2016000984454-0147313,rideHailVehicle-1200-2014000585174-274404,43.0
48874.0,1500-2012000747410-014596,rideHailVehicle-1500-2014000665701-075789,37.0
48751.0,10405-2016001210775-1151217,rideHailVehicle-10405-2013001099005-153678,344.0
49018.0,202-2016001210775-0151115,rideHailVehicle-202-2013000068309-031128,13.0
49018.0,202-2013000179683-033670,rideHailVehicle-202-2016001467581-0156442,13.0
49063.0,401-2013000532687-042918,rideHailVehicle-300-2012000401040-08005,54.0
49110.0,1101-2016001210684-2150835,rideHailVehicle-1101-2016001412423-0154670,18.0
49127.0,10405-2014000665701-075844,rideHailVehicle-1200-2013001357772-058464,27.0
49007.0,1200-2015000726028-0105366,rideHailVehicle-1200-2012000871125-017814,135.0
49213.0,600-2013000377800-138967,rideHailVehicle-500-2012001048206-021041,25.0
49401.0,1500-2014000174501-065369,rideHailVehicle-1500-2013001424451-059550,37.0
49171.0,201-2015000557350-1101277,rideHailVehicle-201-2015000557350-1101376,328.0
49255.0,1002-2013000226280-034958,rideHailVehicle-1002-2015001024517-0114622,218.0
49438.0,1600-2015000837069-0110064,rideHailVehicle-1803-2015000780667-1106778,68.0
49505.0,1600-2013001421148-059361,rideHailVehicle-1700-2016000086561-0126784,43.0
49474.0,500-2015000587248-0101809,rideHailVehicle-1700-2014000119219-064083,40.0
49538.0,100-2012000217991-04404,rideHailVehicle-100-2012000217991-04272,44.0
49644.0,700-2014001002756-082090,rideHailVehicle-700-2012001145091-023344,66.0
49646.0,900-2016000116811-0127703,rideHailVehicle-1200-2015000879933-0111701,73.0
49691.0,1001-2012000156497-02843,rideHailVehicle-202-2013000921416-050531,57.0
49747.0,1600-2012000078687-01566,rideHailVehicle-1700-2013001099005-053738,32.0
49818.0,1500-2014000536339-072999,rideHailVehicle-10600-2016001178626-0150134,78.0
49824.0,1002-2015000502599-0100440,rideHailVehicle-1002-2014000039346-161549,24.0
49902.0,700-2014001002756-082038,rideHailVehicle-700-2015000399196-099105,67.0
49928.0,1500-2013001424451-059576,rideHailVehicle-1902-2014000438320-070300,37.0
49914.0,500-2014000053367-162313,rideHailVehicle-700-2016000364640-0132498,23.0
50042.0,202-2016000069252-0126381,rideHailVehicle-1106-2013001390857-158611,11.0
50044.0,1600-2013000438496-040993,rideHailVehicle-500-2013001157196-054553,63.0
50127.0,1500-2016000770003-1143140,rideHailVehicle-10600-2012001377121-027273,61.0
50190.0,500-2015001311731-0120710,rideHailVehicle-405-2015001345452-0121572,21.0
50244.0,10405-2014001275264-088704,rideHailVehicle-10405-2013001099005-153678,58.0
50367.0,1106-2013000293337-237063,rideHailVehicle-1106-2013000226280-134823,13.0
50225.0,201-2015000557350-1101178,rideHailVehicle-201-2013001265087-056649,328.0
50488.0,1002-2013000895447-149748,rideHailVehicle-202-2013000376438-038610,24.0
50460.0,1600-2014000079080-063004,rideHailVehicle-1500-2014000536339-073042,21.0
50460.0,1600-2014000079080-063055,rideHailVehicle-1600-2012001239814-024234,21.0
50465.0,10600-2014000053367-062387,rideHailVehicle-1500-2013001232881-056292,77.0
50473.0,10405-2014001404766-090805,rideHailVehicle-10405-2012000529759-010444,129.0
50473.0,10405-2012001067422-021769,rideHailVehicle-10405-2015000133808-093480,129.0
50473.0,10405-2013001328389-057963,rideHailVehicle-10405-2015000643096-0103677,129.0
50473.0,10405-2014001275264-088659,rideHailVehicle-10405-2012001464904-029296,129.0
50523.0,10102-2013000270445-036222,rideHailVehicle-10102-2012000353261-46914,50.0
50473.0,10405-2012000529759-010444,rideHailVehicle-10405-2013000668727-046368,129.0
50473.0,10405-2012000529759-010484,rideHailVehicle-10405-2014000254448-067186,129.0
50473.0,10405-2015000795744-1107873,rideHailVehicle-10405-2012001067422-021843,129.0
50473.0,10405-2012001067422-021880,rideHailVehicle-10405-2013001328389-057921,129.0
50473.0,10405-2015000875080-1111510,rideHailVehicle-10405-2012001118760-122655,129.0
50473.0,10405-2016000266802-0131184,rideHailVehicle-10405-2013001328389-057963,129.0
50473.0,10405-2012000529759-010404,rideHailVehicle-10405-2015000875080-1111186,129.0
50505.0,1200-2016000836708-0144900,rideHailVehicle-1200-2015000364742-098036,43.0
50624.0,1001-2012000987013-020343,rideHailVehicle-1002-2013000438496-040968,32.0
50473.0,10405-2012001067422-021843,rideHailVehicle-10405-2014001404766-090768,129.0
50473.0,10405-2012001464904-029253,rideHailVehicle-10405-2013001135090-053905,129.0
50473.0,10405-2012001067422-021732,rideHailVehicle-10405-2015000831253-1109765,129.0
50623.0,1700-2013001282756-057153,rideHailVehicle-405-2013000062460-030803,32.0
50473.0,10405-2014001160902-085986,rideHailVehicle-10405-2012000493995-010054,129.0
50473.0,10405-2013001328389-057942,rideHailVehicle-10405-2015000397926-098953,129.0
50473.0,10405-2013001099005-153754,rideHailVehicle-10405-2016001210775-1151101,129.0
50001.0,500-2015000587248-0101776,rideHailVehicle-1700-2013001394719-058860,664.0
50682.0,1002-2016001487612-0157071,rideHailVehicle-1002-2013001348757-058067,170.0
50808.0,1500-2016000012225-2124728,rideHailVehicle-1500-2016001216686-0151395,7.0
50759.0,201-2016000086561-0126837,rideHailVehicle-201-2013000914558-150228,65.0
50882.0,405-2012000409452-08636,rideHailVehicle-401-2015001102883-0116033,48.0
50819.0,600-2015001440276-0123206,rideHailVehicle-600-2014000987574-081400,41.0
51024.0,1500-2014000180574-065440,rideHailVehicle-10600-2012001377121-027273,38.0
50952.0,700-2012000970914-020058,rideHailVehicle-700-2015000938182-1112723,57.0
51074.0,1002-2015001225649-1118877,rideHailVehicle-202-2013000376438-038610,22.0
51129.0,1600-2013001421148-059387,rideHailVehicle-1700-2012001437667-028918,41.0
51171.0,1002-2013000914558-150182,rideHailVehicle-900-2015000102574-093027,67.0
51112.0,1500-2014000385209-069670,rideHailVehicle-1500-2014000385209-069721,57.0
51207.0,1500-2016000250854-1130705,rideHailVehicle-700-2016000250854-0130676,26.0
51171.0,1002-2015000772981-0106683,rideHailVehicle-1002-2014001188758-087098,75.0
50903.0,201-2014001087840-084390,rideHailVehicle-201-2013001007282-051679,378.0
50752.0,201-2016000510160-0136648,rideHailVehicle-201-2016000510160-0136794,535.0
51282.0,1002-2012000164709-23150,rideHailVehicle-900-2014001166634-086084,46.0
51305.0,202-2012000584680-011759,rideHailVehicle-202-2013000068309-031128,29.0
51279.0,201-2016000510160-0136721,rideHailVehicle-201-2012000651476-013074,181.0
51448.0,1002-2016001210684-1150933,rideHailVehicle-1200-2015000732389-1105746,24.0
51381.0,900-2015000400656-099265,rideHailVehicle-900-2016000267720-0131270,109.0
51442.0,1500-2015000712347-1104871,rideHailVehicle-1500-2012001462917-029056,77.0
51180.0,405-2016000482844-0136176,rideHailVehicle-405-2012000752641-314907,528.0
51499.0,900-2012000156497-02918,rideHailVehicle-1500-2014000630646-075182,58.0
51598.0,10405-2016000479494-0136044,rideHailVehicle-10405-2012001378783-027309,36.0
51563.0,1002-2013000914558-150245,rideHailVehicle-202-2013000258802-035711,24.0
51668.0,1600-2013000438496-040907,rideHailVehicle-500-2014001175351-086440,114.0
51430.0,201-2013001265087-056649,rideHailVehicle-201-2016000275343-0131498,350.0
51430.0,201-2013000179683-033540,rideHailVehicle-201-2012000633457-012610,350.0
51657.0,700-2016000364640-0132674,rideHailVehicle-500-2016000550401-1138058,161.0
51653.0,1902-2016000829228-0144507,rideHailVehicle-1500-2015000480109-0100189,213.0
51737.0,100-2012000559396-011214,rideHailVehicle-100-2012000559396-010896,62.0
51814.0,500-2015001311731-0120662,rideHailVehicle-405-2014000174501-065262,21.0
51833.0,700-2012000987013-020341,rideHailVehicle-700-2012000987013-020209,6.0
51863.0,10104-2012001337606-026271,rideHailVehicle-10104-2015000290126-196655,75.0
51653.0,10104-2013000258802-135707,rideHailVehicle-1902-2013000056397-030576,293.0
51653.0,10104-2013000258802-135750,rideHailVehicle-1902-2014000438320-070342,293.0
51653.0,1902-2014000614689-074944,rideHailVehicle-1902-2014000815717-077535,293.0
51653.0,10104-2015001453276-0123281,rideHailVehicle-10104-2013000211454-034687,293.0
51653.0,10104-2013000258802-135793,rideHailVehicle-1902-2015000203687-195023,293.0
51653.0,10104-2013000258802-135836,rideHailVehicle-1902-2015001481633-0123494,293.0
51653.0,1902-2014000174501-065378,rideHailVehicle-1500-2014001362907-090393,293.0
51653.0,1902-2016000829228-0144529,rideHailVehicle-1902-2014000174501-065334,293.0
51653.0,10104-2015001453276-0123287,rideHailVehicle-10104-2015000302073-097057,293.0
51653.0,1902-2016000829228-0144518,rideHailVehicle-1500-2013001204199-055775,293.0
51792.0,900-2013000663889-045937,rideHailVehicle-700-2014000775952-076790,226.0
51707.0,405-2016000482844-0136163,rideHailVehicle-401-2015001102883-0116033,264.0
52017.0,1002-2015000772981-0106666,rideHailVehicle-1002-2014001139730-185444,47.0
51957.0,201-2013000179683-033626,rideHailVehicle-100-2016000512639-0137099,185.0
51957.0,201-2016001407958-1154606,rideHailVehicle-201-2014001213505-087693,185.0
51957.0,201-2016001407958-1154543,rideHailVehicle-201-2015000850269-0110563,185.0
52158.0,406-2013001274069-056994,rideHailVehicle-406-2015000688647-0104206,58.0
51957.0,201-2012000651476-013074,rideHailVehicle-201-2015001431732-0123062,346.0
52388.0,406-2013000062460-030888,rideHailVehicle-405-2015000806558-0108176,44.0
52452.0,500-2012000131467-02479,rideHailVehicle-406-2012000353261-26811,17.0
52452.0,500-2012000131467-02522,rideHailVehicle-1801-2013001005169-051537,17.0
52482.0,201-2014001205505-087511,rideHailVehicle-1200-2014000585174-274404,22.0
52266.0,10405-2013000668727-246495,rideHailVehicle-10405-2014001404766-090805,344.0
52266.0,10405-2012000965843-119988,rideHailVehicle-10405-2014001046127-083186,344.0
52539.0,100-2013000341290-037619,rideHailVehicle-100-2015000213571-095599,57.0
52535.0,900-2014001183852-086978,rideHailVehicle-900-2016001235624-0152844,64.0
52593.0,202-2012000923823-018563,rideHailVehicle-202-2016000995092-0147662,55.0
52686.0,1600-2015000837069-0109976,rideHailVehicle-1801-2012000354056-17274,68.0
52678.0,408-2015000101135-092965,rideHailVehicle-401-2014000228364-066764,0.0
52634.0,1600-2012000963809-319448,rideHailVehicle-10600-2016001178626-0150134,20.0
52711.0,500-2012000816252-015984,rideHailVehicle-300-2012000336992-06318,58.0
52826.0,1801-2013001005169-051569,rideHailVehicle-401-2014000145629-064611,26.0
52829.0,1001-2013000620807-045234,rideHailVehicle-1002-2015001369519-0121981,131.0
52839.0,10405-2014000113616-063541,rideHailVehicle-10405-2013000377800-138918,41.0
52962.0,1001-2013001157196-054503,rideHailVehicle-201-2013000914558-150228,33.0
52939.0,1001-2012000156497-02919,rideHailVehicle-201-2012000606353-011988,57.0
53066.0,1500-2016001412423-0154758,rideHailVehicle-1500-2015001314717-4121163,77.0
53072.0,1002-2015000723275-0105056,rideHailVehicle-900-2016000772838-1143323,24.0
53063.0,1002-2016000829228-0144511,rideHailVehicle-1101-2013000145970-032668,58.0
53235.0,10104-2014000266090-267547,rideHailVehicle-10102-2014001404766-090770,10.0
53248.0,1500-2012000734635-014484,rideHailVehicle-10600-2015000804471-0108164,8.0
53354.0,10600-2016001043314-0148193,rideHailVehicle-1200-2012000871125-017814,3.0
53291.0,201-2014000947834-080538,rideHailVehicle-201-2014001013559-082377,65.0
53346.0,300-2014000585174-174240,rideHailVehicle-407-2015001165446-0117479,54.0
53360.0,500-2016000905283-0146093,rideHailVehicle-500-2016001048510-0148334,85.0
53502.0,700-2016000770003-0143123,rideHailVehicle-700-2013001049684-052610,13.0
53519.0,1600-2014000858265-078522,rideHailVehicle-1500-2016000250854-1130617,60.0
53575.0,500-2012001464904-029270,rideHailVehicle-401-2016001437406-0155382,104.0
53595.0,500-2013001157196-054499,rideHailVehicle-500-2015001314717-0121103,18.0
53621.0,700-2012000397841-07956,rideHailVehicle-700-2012000987013-020209,69.0
53714.0,1600-2014001394187-090656,rideHailVehicle-1803-2015000780667-1106778,42.0
53708.0,1002-2016000544078-0137679,rideHailVehicle-1002-2016001487612-0157071,109.0
53721.0,10405-2016000674160-0140759,rideHailVehicle-202-2016000995092-0147662,234.0
53678.0,405-2014000174501-065306,rideHailVehicle-408-2015000336194-097583,260.0
53840.0,500-2016000510160-0136660,rideHailVehicle-700-2016000364640-0132498,33.0
53873.0,300-2012001333257-026226,rideHailVehicle-300-2012001333257-026226,27.0
53890.0,202-2013000153074-032887,rideHailVehicle-202-2016001210775-0151115,13.0
53830.0,1200-2012001118760-122771,rideHailVehicle-1101-2013000981908-051235,64.0
53872.0,1002-2012000805694-015658,rideHailVehicle-1002-2015000879933-0111738,47.0
53893.0,10405-2013000377800-139278,rideHailVehicle-10405-2012000746898-014550,101.0
54062.0,1500-2015001311731-1120680,rideHailVehicle-10600-2013001328389-057922,15.0
54186.0,1901-2013000190262-034100,rideHailVehicle-1902-2016001153481-0149743,32.0
54234.0,300-2014001166634-086112,rideHailVehicle-401-2014000228364-066764,18.0
54235.0,1002-2016000544078-0137742,rideHailVehicle-1002-2012000279125-05823,0.0
54174.0,202-2013000280546-136652,rideHailVehicle-202-2014001002756-082080,55.0
54422.0,202-2016000456810-0135360,rideHailVehicle-500-2016000550401-1138058,50.0
54481.0,300-2012001067422-021705,rideHailVehicle-406-2013000369969-038529,54.0
54530.0,1002-2016000116811-0127836,rideHailVehicle-1002-2014000046617-061604,46.0
54530.0,1002-2016000116811-0127709,rideHailVehicle-1002-2013000787397-048152,46.0
54530.0,1002-2016000116811-0127963,rideHailVehicle-1002-2015000557350-1101107,46.0
54696.0,1002-2012000251540-05137,rideHailVehicle-1002-2012001414670-028214,24.0
54701.0,202-2016000267720-0131260,rideHailVehicle-202-2016001459467-0156276,166.0
54690.0,1500-2015000712347-1104995,rideHailVehicle-1902-2013000519245-042221,78.0
54690.0,1500-2016001412423-0154731,rideHailVehicle-1500-2016001412423-0154704,78.0
54768.0,300-2012001118760-122740,rideHailVehicle-600-2016001232300-0152511,40.0
54768.0,1700-2014001079600-084120,rideHailVehicle-1700-2012000169809-03285,32.0
54768.0,1700-2015000795744-1107853,rideHailVehicle-1700-2014000987574-081224,32.0
54762.0,1002-2013001328389-057931,rideHailVehicle-1002-2016001487612-0157134,109.0
55008.0,300-2012001067422-021742,rideHailVehicle-401-2015001275570-0119889,54.0
55004.0,1902-2015000837180-0110106,rideHailVehicle-1901-2016000614752-0139495,3.0
55008.0,300-2012001067422-021816,rideHailVehicle-300-2012001067422-021705,54.0
55092.0,1700-2012000164709-03186,rideHailVehicle-1700-2015000884043-0111800,0.0
55076.0,1002-2013000576300-043951,rideHailVehicle-1002-2015000902296-0112321,87.0
55076.0,1002-2013000576300-043938,rideHailVehicle-1002-2012001414670-028285,87.0
55033.0,201-2016000510160-0136575,rideHailVehicle-201-2015000134451-093488,169.0
55174.0,100-2015000213571-095685,rideHailVehicle-100-2015000306203-097173,59.0
55223.0,10102-2014000053367-062154,rideHailVehicle-1801-2016000327234-0132085,27.0
55228.0,202-2013000280546-136541,rideHailVehicle-700-2015000578512-0101510,166.0
55342.0,201-2013001492343-060837,rideHailVehicle-201-2014001213505-087561,112.0
55399.0,201-2014000947834-080436,rideHailVehicle-201-2015001028643-0114689,65.0
55419.0,1200-2013000934703-050663,rideHailVehicle-1101-2013001204199-055687,3.0
55436.0,405-2016001223046-2151915,rideHailVehicle-1700-2014000987574-081414,33.0
55436.0,405-2014000836826-177937,rideHailVehicle-405-2016001210684-1150811,33.0
55492.0,406-2012001433817-028739,rideHailVehicle-1700-2014000987574-081186,12.0
55490.0,1600-2014000901035-079560,rideHailVehicle-1500-2015001324443-0121333,58.0
55548.0,900-2016000406848-0133918,rideHailVehicle-900-2015001291004-0120123,12.0
55700.0,500-2012000131467-02436,rideHailVehicle-500-2012000131467-02264,17.0
55571.0,1002-2015000557350-1101206,rideHailVehicle-1002-2015001024517-0114622,0.0
55697.0,700-2012000633457-012614,rideHailVehicle-700-2013001154841-054352,52.0
55743.0,10600-2016001178626-0150154,rideHailVehicle-1500-2013001232881-056292,43.0
55944.0,1200-2012000177185-03515,rideHailVehicle-1101-2012001254838-024637,26.0
55955.0,1106-2016000905283-2146166,rideHailVehicle-1500-2015000189392-094800,5.0
55924.0,700-2012000397841-07912,rideHailVehicle-700-2012001382026-027407,101.0
56003.0,900-2014000113616-163840,rideHailVehicle-1002-2016001487612-0157071,50.0
56185.0,1107-2013000620807-045240,rideHailVehicle-1106-2013001128965-053811,8.0
56178.0,1002-2013001282756-157139,rideHailVehicle-1106-2015000213571-195575,34.0
56178.0,1106-2013000293337-237195,rideHailVehicle-1106-2016001293033-0153551,34.0
56221.0,1500-2015001363337-0121850,rideHailVehicle-1600-2013001200076-055641,43.0
56267.0,100-2016000116811-0127797,rideHailVehicle-100-2012000420927-08848,27.0
56320.0,1002-2016001210684-1150831,rideHailVehicle-1002-2014000221274-066331,24.0
56286.0,10104-2015000804471-1108030,rideHailVehicle-10104-2014001160693-085884,38.0
56248.0,100-2012000711495-014008,rideHailVehicle-100-2012000711495-013977,172.0
56347.0,1200-2013001097023-053444,rideHailVehicle-202-2015000272305-096316,30.0
56442.0,700-2013000570002-043806,rideHailVehicle-700-2012000987013-020341,86.0
56453.0,1600-2012000963809-319634,rideHailVehicle-1600-2012000539363-010570,44.0
56602.0,10600-2016001043314-0148153,rideHailVehicle-1101-2014000561422-073748,3.0
56720.0,900-2015000046865-092269,rideHailVehicle-1002-2013001348757-058067,16.0
56697.0,1500-2015001311731-1120632,rideHailVehicle-1600-2014001093569-184609,15.0
56697.0,1500-2015001311731-1120728,rideHailVehicle-10600-2016000479494-0135993,15.0
56746.0,1500-2016000250854-1130793,rideHailVehicle-1500-2013000564255-143681,8.0
56772.0,1002-2016001487612-0157071,rideHailVehicle-900-2015001314717-2120807,107.0
56775.0,100-2015000213571-095728,rideHailVehicle-100-2014000023781-061275,172.0
56797.0,10600-2012000089288-01802,rideHailVehicle-10600-2015000804471-0108164,43.0
56838.0,1901-2016000607896-1139292,rideHailVehicle-10104-2012001433817-128652,58.0
56797.0,10600-2015000804471-0108092,rideHailVehicle-1500-2016000836708-0144858,43.0
56838.0,1901-2016000607896-1138926,rideHailVehicle-1901-2012000353261-07171,58.0
57077.0,1600-2012000372616-07468,rideHailVehicle-1902-2012000854454-017432,25.0
57047.0,1101-2012001348316-026329,rideHailVehicle-1001-2016001487612-0157322,148.0
57262.0,1500-2012000747410-014596,rideHailVehicle-1500-2013001232881-056292,34.0
57262.0,1500-2014001362907-090393,rideHailVehicle-10600-2015000804471-0108164,34.0
57265.0,1200-2016000984454-0147313,rideHailVehicle-10405-2015000087715-092868,22.0
57252.0,1902-2012001064755-021620,rideHailVehicle-406-2013001204199-055673,0.0
57401.0,700-2012001325614-025688,rideHailVehicle-1500-2013000564255-143681,1.0
57507.0,1901-2014000113616-063795,rideHailVehicle-1500-2016000836708-0144858,34.0
57493.0,700-2016000215171-0129410,rideHailVehicle-202-2014000032166-061393,1.0
57500.0,300-2015001162246-1117012,rideHailVehicle-500-2013000620807-045162,133.0
57558.0,1600-2015000837069-0110020,rideHailVehicle-1803-2014000607446-074908,68.0
57639.0,1500-2015001324443-0121373,rideHailVehicle-1600-2012000566763-111488,37.0
57612.0,401-2016000069252-0126384,rideHailVehicle-408-2016001407958-0154615,92.0
57802.0,1106-2013000226280-134965,rideHailVehicle-1106-2015000373339-198226,34.0
57802.0,1106-2012000816252-116043,rideHailVehicle-1106-2013000226280-134823,34.0
57795.0,1106-2015000810401-3108631,rideHailVehicle-1106-2013001394719-458820,20.0
57851.0,10600-2012000089288-01765,rideHailVehicle-10600-2012000797087-015315,72.0
57851.0,10600-2016001178626-0150174,rideHailVehicle-10600-2015000780667-0106827,72.0
57845.0,1500-2015001363337-0121837,rideHailVehicle-1600-2013000606389-244460,43.0
57911.0,1200-2013000914558-150196,rideHailVehicle-1002-2012001254838-024729,49.0
57989.0,1600-2016000069252-0126428,rideHailVehicle-700-2016000250854-0130676,1.0
58012.0,1600-2012000409452-08653,rideHailVehicle-1600-2016000900036-0145931,8.0
58170.0,300-2012001067422-021779,rideHailVehicle-300-2012000903731-018299,72.0
57962.0,401-2014000145629-064699,rideHailVehicle-405-2015001345452-0121572,277.0
58135.0,405-2012000478993-09911,rideHailVehicle-1700-2014000987574-081414,39.0
58249.0,401-2013000532687-042918,rideHailVehicle-300-2012000401040-08005,96.0
58378.0,10600-2016001178626-0150194,rideHailVehicle-10600-2013001034691-052451,72.0
58402.0,300-2016000772838-0143392,rideHailVehicle-300-2013000895447-149727,15.0
58581.0,900-2014000533554-072874,rideHailVehicle-600-2016001273891-0153393,5.0
58678.0,1500-2012000164709-33182,rideHailVehicle-600-2016001232300-0152511,21.0
58688.0,10600-2016001043314-0148173,rideHailVehicle-10600-2016001043314-0148193,26.0
58550.0,405-2013000190262-034055,rideHailVehicle-408-2012000442109-09234,303.0
58828.0,900-2015000046865-092295,rideHailVehicle-900-2014001023351-082470,152.0
58856.0,201-2013001034691-052247,rideHailVehicle-900-2015000727153-1105528,53.0
58856.0,201-2013001034691-052320,rideHailVehicle-201-2013001480820-060443,53.0
58886.0,1500-2014000174501-065369,rideHailVehicle-10600-2015000780667-0106827,34.0
58957.0,600-2013000377800-139207,rideHailVehicle-1600-2013001394719-358858,25.0
58921.0,10104-2016000819398-0144321,rideHailVehicle-10104-2015000290126-196655,51.0
59211.0,201-2016000676140-0141145,rideHailVehicle-201-2015000542370-0100876,253.0
59325.0,1001-2014000596551-074816,rideHailVehicle-1001-2013000532687-242616,131.0
59367.0,10600-2016001216686-0151330,rideHailVehicle-10600-2012000089288-01802,57.0
59454.0,500-2014000053367-162313,rideHailVehicle-1600-2012000395090-07753,45.0
59539.0,1002-2016000829228-0144511,rideHailVehicle-10405-2015000087715-092868,43.0
59540.0,1901-2013000994680-051429,rideHailVehicle-1902-2012000854454-017432,58.0
59544.0,406-2013001274069-056994,rideHailVehicle-500-2016000607896-1138982,131.0
59614.0,300-2014001002756-082081,rideHailVehicle-300-2012000816252-016025,72.0
59630.0,1200-2015000726028-0105366,rideHailVehicle-1101-2014000929020-080209,39.0
59681.0,202-2016000069252-0126381,rideHailVehicle-1106-2013001390857-158611,30.0
59669.0,700-2016000364640-0132674,rideHailVehicle-1002-2012000279125-05823,11.0
59700.0,300-2014000585174-174240,rideHailVehicle-407-2015001165446-0117479,27.0
59781.0,1101-2012000544482-010841,rideHailVehicle-1200-2016000836708-0144900,65.0
59717.0,300-2014000448294-070621,rideHailVehicle-300-2012001331164-025877,108.0
59947.0,300-2013000895447-149727,rideHailVehicle-300-2013000895447-149727,44.0
59905.0,201-2015000557350-1101277,rideHailVehicle-700-2015000046865-092294,169.0
59983.0,100-2013000341290-037619,rideHailVehicle-100-2015000213571-095599,250.0
60099.0,1001-2016001487612-0157007,rideHailVehicle-1001-2015000804471-0108125,58.0
60099.0,1001-2015000157314-094210,rideHailVehicle-1002-2013000438496-040968,58.0
60110.0,900-2012000156497-02918,rideHailVehicle-1500-2014000630646-075182,70.0
60132.0,1700-2013001282756-057153,rideHailVehicle-500-2015001314717-0121103,50.0
60189.0,405-2016000482844-0136176,rideHailVehicle-405-2012000752641-314907,29.0
60190.0,500-2013001157196-054607,rideHailVehicle-1600-2012000493995-010046,98.0
60281.0,1700-2014001058472-083593,rideHailVehicle-1700-2015000795744-0107632,13.0
60326.0,1002-2015000772981-0106683,rideHailVehicle-1002-2014001188758-087098,34.0
60345.0,500-2012000816252-015984,rideHailVehicle-300-2012000336992-06318,30.0
60326.0,1002-2013000914558-150182,rideHailVehicle-1106-2013001390857-158611,34.0
60386.0,202-2013000179683-033713,rideHailVehicle-202-2014000221484-066368,13.0
60391.0,700-2014001002756-082038,rideHailVehicle-1500-2014000385209-069721,20.0
60406.0,201-2016000086561-0126837,rideHailVehicle-600-2016001273891-0153393,22.0
60514.0,300-2014001166634-086112,rideHailVehicle-100-2015000306203-097173,58.0
60533.0,1902-2016001407958-1154652,rideHailVehicle-1902-2013000519245-042269,15.0
60510.0,1500-2013001424451-059576,rideHailVehicle-10600-2012000797087-015315,34.0
60607.0,1600-2014001394187-090656,rideHailVehicle-1803-2015000780667-1106778,8.0
60620.0,600-2015000895578-0112079,rideHailVehicle-1500-2016000250854-1130617,43.0
60652.0,1803-2014001194700-087243,rideHailVehicle-1803-2013001029016-052032,33.0
60728.0,1002-2015001225649-1118877,rideHailVehicle-1001-2014000036459-061505,47.0
60744.0,500-2015000587248-0101809,rideHailVehicle-1700-2014000119219-064083,8.0
60797.0,201-2014001087840-084390,rideHailVehicle-201-2013001007282-051679,32.0
60741.0,700-2016000215171-0129451,rideHailVehicle-1200-2014000585174-274404,1.0
60758.0,1002-2016000544078-0137679,rideHailVehicle-900-2014000358619-069206,15.0
60772.0,401-2012000882767-018014,rideHailVehicle-700-2016000364640-0132498,58.0
60864.0,10405-2014001275264-088704,rideHailVehicle-10405-2013001099005-153678,20.0
60848.0,1600-2016000116811-0127745,rideHailVehicle-1600-2016000970031-0147134,43.0
60848.0,1600-2013001097023-053446,rideHailVehicle-1700-2012001382026-027341,43.0
60905.0,1700-2012001382026-027421,rideHailVehicle-1600-2016000900036-0145931,63.0
60880.0,10405-2014000113616-063541,rideHailVehicle-1001-2015000397926-098931,15.0
61026.0,1002-2015000099042-092912,rideHailVehicle-1002-2014000976338-080985,46.0
61061.0,1600-2014001394187-090689,rideHailVehicle-1801-2012000354056-17274,42.0
61106.0,202-2012000584680-011759,rideHailVehicle-1106-2013001128965-053811,24.0
61153.0,1001-2016000987597-0147601,rideHailVehicle-1002-2015001369519-0121981,58.0
61252.0,300-2012001067422-021705,rideHailVehicle-406-2013000369969-038529,18.0
61217.0,1106-2012000429510-19037,rideHailVehicle-1002-2012001250298-024348,60.0
61324.0,300-2012001333257-026226,rideHailVehicle-300-2012001333257-026226,27.0
61354.0,408-2015000101135-092965,rideHailVehicle-401-2015001275570-0119889,18.0
61539.0,1901-2015000207675-095148,rideHailVehicle-1901-2016000155763-0128531,62.0
61617.0,1500-2016000770003-1143140,rideHailVehicle-10600-2013001034691-052451,41.0
61557.0,10102-2013000270445-036222,rideHailVehicle-10600-2016000030344-0125261,41.0
61508.0,10600-2016000770035-0143206,rideHailVehicle-1600-2012000566763-111488,156.0
61650.0,300-2016000412886-0134294,rideHailVehicle-300-2012000672671-013628,15.0
61650.0,300-2016000772838-0143481,rideHailVehicle-300-2012001333257-026186,15.0
61650.0,300-2016000412886-0134334,rideHailVehicle-300-2012001134055-223217,15.0
61606.0,100-2012000559396-011214,rideHailVehicle-100-2012000559396-010896,38.0
61717.0,1500-2015001311731-1120680,rideHailVehicle-10600-2013000818226-048628,38.0
61722.0,300-2012001193408-023806,rideHailVehicle-300-2015000784380-0106836,97.0
61813.0,405-2016000482844-0136163,rideHailVehicle-1002-2012000279125-05823,9.0
61843.0,10600-2014001194700-087247,rideHailVehicle-10600-2015001024517-0114600,58.0
61905.0,700-2012000987013-020297,rideHailVehicle-700-2012001382026-027407,55.0
61982.0,1500-2014000385209-069670,rideHailVehicle-201-2014001213505-087561,21.0
61984.0,900-2016000406848-0133918,rideHailVehicle-900-2015001291004-0120123,27.0
62003.0,202-2012000923823-018563,rideHailVehicle-201-2015000542370-0100876,124.0
62095.0,900-2014001183852-086978,rideHailVehicle-900-2016001235624-0152844,63.0
62167.0,300-2012001118760-122740,rideHailVehicle-700-2014001231792-088122,15.0
62196.0,500-2012000131467-02393,rideHailVehicle-500-2016000607896-1139226,17.0
62299.0,10405-2016000479494-0136044,rideHailVehicle-10405-2012001378783-027309,21.0
62298.0,500-2013001157196-054553,rideHailVehicle-1600-2012001111971-022517,103.0
62330.0,900-2016000267720-0131270,rideHailVehicle-900-2014001023351-082496,36.0
62368.0,500-2015000587248-0101776,rideHailVehicle-1700-2013001394719-058860,8.0
62379.0,700-2016000645198-0140315,rideHailVehicle-700-2015000087715-092851,13.0
62382.0,1002-2016000544078-0137742,rideHailVehicle-1002-2016001487612-0157134,28.0
62395.0,1901-2014000536339-073050,rideHailVehicle-1901-2014001213505-087680,58.0
62421.0,201-2013001265087-056649,rideHailVehicle-201-2016000275343-0131498,32.0
62421.0,201-2013000179683-033540,rideHailVehicle-201-2012000633457-012610,32.0
62384.0,1801-2012001471932-029489,rideHailVehicle-1901-2013000190262-034028,58.0
62440.0,1200-2016000836708-0144900,rideHailVehicle-1101-2014000407457-070049,26.0
62515.0,1804-2013000550247-043641,rideHailVehicle-1200-2012000871125-017814,25.0
62510.0,1200-2016000069252-0126591,rideHailVehicle-202-2013000258802-035711,67.0
62524.0,1901-2013000190262-034028,rideHailVehicle-1901-2013000293337-037207,12.0
62593.0,1803-2014000182228-065711,rideHailVehicle-1803-2016000568684-0138520,50.0
62623.0,1101-2014000730190-076371,rideHailVehicle-1101-2014000730190-076371,23.0
62593.0,1803-2016000829228-0144528,rideHailVehicle-1803-2013001307359-057475,50.0
62622.0,300-2015001225649-0118864,rideHailVehicle-300-2016000510160-1136725,27.0
62800.0,202-2016001407958-0154607,rideHailVehicle-202-2012000311610-06146,19.0
62839.0,100-2012000711495-014008,rideHailVehicle-100-2012000711495-013977,74.0
62876.0,300-2012001067422-021816,rideHailVehicle-300-2012000903731-018299,18.0
62876.0,300-2012001067422-021742,rideHailVehicle-300-2012001067422-021705,18.0
62868.0,700-2015000542370-0100930,rideHailVehicle-700-2012000963809-419012,33.0
62843.0,10401-2013000258802-035829,rideHailVehicle-1803-2016000008218-0124383,33.0
62914.0,201-2012000164709-03115,rideHailVehicle-700-2013000377800-238850,40.0
62888.0,1700-2014001079600-084249,rideHailVehicle-500-2016001187407-0150492,124.0
63306.0,1700-2012000559396-011298,rideHailVehicle-700-2016000250854-0130676,46.0
63306.0,1700-2012000559396-011086,rideHailVehicle-500-2015001314717-0121103,46.0
63269.0,201-2012000221226-04628,rideHailVehicle-900-2016000327234-0132073,67.0
63153.0,201-2015000557350-1101178,rideHailVehicle-201-2012000752641-114891,301.0
63390.0,100-2012000372616-07417,rideHailVehicle-100-2016000012225-1124499,9.0
63419.0,202-2015001162246-1117118,rideHailVehicle-1002-2012001250298-024348,55.0
63476.0,201-2014001205505-087511,rideHailVehicle-201-2014001239636-088222,60.0
63221.0,1500-2012000734635-014460,rideHailVehicle-10600-2016000905283-0146190,443.0
63567.0,201-2014000224796-066554,rideHailVehicle-201-2015000210255-095407,5.0
63614.0,700-2016000250854-0130588,rideHailVehicle-1500-2013000564255-143681,33.0
63628.0,1002-2014000533554-072876,rideHailVehicle-1200-2015000732389-1105746,26.0
63657.0,1902-2016001487612-1157352,rideHailVehicle-1902-2013001135090-053903,77.0
63588.0,10401-2015000804471-0108161,rideHailVehicle-1803-2013000287282-136857,50.0
63676.0,408-2015000187968-094597,rideHailVehicle-401-2015001275570-0119889,0.0
63765.0,1700-2015001219743-0118548,rideHailVehicle-1700-2015000795744-1107853,33.0
63833.0,1700-2012000559396-011351,rideHailVehicle-600-2015000895578-0112045,94.0
63833.0,1700-2012000559396-011245,rideHailVehicle-1700-2012000559396-011192,94.0
63946.0,202-2016000267720-0131226,rideHailVehicle-202-2015001264337-0119500,166.0
63946.0,202-2012000923823-018515,rideHailVehicle-202-2016000155763-0128395,166.0
64006.0,1002-2013001328389-057931,rideHailVehicle-900-2014001394187-090612,38.0
64045.0,201-2013000179683-033626,rideHailVehicle-100-2016000512639-0137099,32.0
64045.0,201-2012000651476-013074,rideHailVehicle-201-2015000850269-0110563,32.0
64045.0,201-2016001407958-1154543,rideHailVehicle-201-2014001213505-087693,32.0
64045.0,201-2016001407958-1154606,rideHailVehicle-201-2015001431732-0123062,32.0
64128.0,10405-2013000377800-139278,rideHailVehicle-1002-2013000359041-238015,113.0
64203.0,408-2015000128096-093321,rideHailVehicle-408-2016000833173-0144609,57.0
64025.0,500-2015001219743-0118518,rideHailVehicle-500-2013001157196-054607,179.0
64203.0,408-2012001189763-023735,rideHailVehicle-408-2013000377800-238843,57.0
64210.0,500-2013000532687-042936,rideHailVehicle-406-2015000688647-0104206,43.0
64174.0,1804-2013001099005-153595,rideHailVehicle-1902-2013000620807-045214,50.0
64174.0,10401-2014001171812-086335,rideHailVehicle-1804-2016000116811-2127890,50.0
64211.0,700-2012000397841-07956,rideHailVehicle-700-2013001049684-052610,23.0
64298.0,1106-2013000293337-237063,rideHailVehicle-900-2015000102574-093027,34.0
64306.0,1902-2012000836407-016921,rideHailVehicle-1902-2014001027573-082614,68.0
64379.0,202-2016000456810-0135360,rideHailVehicle-500-2016000550401-1138058,13.0
64360.0,1700-2012000559396-011192,rideHailVehicle-1700-2015001219743-0118256,78.0
64381.0,202-2016001407958-0154544,rideHailVehicle-202-2015001496113-0123745,57.0
64429.0,10405-2016000420812-0134528,rideHailVehicle-10405-2016000267720-0131286,43.0
64463.0,100-2015000213571-095728,rideHailVehicle-100-2014000023781-061275,50.0
64471.0,1106-2015000542370-2100939,rideHailVehicle-1002-2012001254838-224636,60.0
64471.0,1106-2012000662466-413492,rideHailVehicle-1002-2014001362578-090243,60.0
64471.0,1106-2016000364640-1132638,rideHailVehicle-1106-2012000662466-413492,60.0
64492.0,1002-2014000308169-068851,rideHailVehicle-900-2014001166634-086084,32.0
64471.0,1002-2016000510160-1136669,rideHailVehicle-1106-2015000272688-096380,60.0
64605.0,401-2013000532687-042750,rideHailVehicle-300-2016000510160-1136725,54.0
64701.0,1804-2015000367198-098095,rideHailVehicle-1803-2012000429510-09043,50.0
64708.0,1600-2016000069252-0126596,rideHailVehicle-1700-2012000395090-07754,44.0
64723.0,1200-2016000378294-0132957,rideHailVehicle-10600-2014000878931-079159,203.0
64872.0,1107-2013000620807-045240,rideHailVehicle-1001-2016000250854-0130768,24.0
64855.0,10104-2012000529759-010449,rideHailVehicle-1500-2016000836708-0144858,58.0
64777.0,201-2016000510160-0136648,rideHailVehicle-201-2012000409645-08664,301.0
64931.0,201-2015000050024-092430,rideHailVehicle-201-2012000281261-05855,171.0
64954.0,408-2015001219743-1118517,rideHailVehicle-408-2015000399196-099148,36.0
64887.0,1700-2012000559396-011139,rideHailVehicle-1600-2013001394719-458859,125.0
64963.0,300-2015001250406-0119291,rideHailVehicle-300-2012000401040-08005,72.0
64994.0,1200-2014000869030-079022,rideHailVehicle-1001-2015000401067-099302,29.0
64998.0,1106-2014001033050-182856,rideHailVehicle-1106-2015000373339-198182,60.0
64998.0,1106-2014000561422-173850,rideHailVehicle-1002-2014000901104-179681,60.0
64998.0,1002-2016000116811-1127710,rideHailVehicle-1106-2016001449407-0155820,60.0
64998.0,1106-2013000890503-049564,rideHailVehicle-1106-2015000373339-198226,60.0
64998.0,1106-2015001231997-1119105,rideHailVehicle-1106-2015001146120-0116655,60.0
64998.0,1106-2016000364640-1132682,rideHailVehicle-1002-2016000482844-0136164,60.0
64998.0,1002-2016000116811-1127964,rideHailVehicle-1106-2015000875080-0111467,60.0
64998.0,1106-2015000837069-0109969,rideHailVehicle-1002-2015000935346-0112657,60.0
64998.0,1106-2014000994591-081943,rideHailVehicle-1002-2016001121006-0149491,60.0
64998.0,1106-2014000561422-173817,rideHailVehicle-1106-2013000890503-049564,60.0
64998.0,1106-2015001231997-1119062,rideHailVehicle-1001-2014001175351-086444,60.0
64998.0,1106-2013001307359-157505,rideHailVehicle-1002-2015000189392-294865,60.0
64998.0,1002-2016000510160-1136596,rideHailVehicle-1106-2014001033050-182823,60.0
64998.0,1106-2014000994591-081892,rideHailVehicle-1002-2012000797087-015353,60.0
64998.0,1106-2014000053367-762225,rideHailVehicle-1002-2014001493901-091551,71.0
64998.0,1106-2014001122037-085150,rideHailVehicle-1002-2014001118901-084985,60.0
64998.0,1106-2015000272688-096373,rideHailVehicle-1106-2014000093171-163129,60.0
64998.0,1106-2016000364640-1132550,rideHailVehicle-1002-2014001362578-090203,60.0
64998.0,1106-2014000212413-166262,rideHailVehicle-1106-2016000927549-1146510,60.0
64998.0,1002-2016000482844-0136164,rideHailVehicle-1106-2013000293337-236975,60.0
64998.0,1106-2016000364640-1132506,rideHailVehicle-1106-2015000804471-3107920,61.0
64998.0,1106-2012000401040-28344,rideHailVehicle-1106-2012000169809-13279,60.0
64998.0,1106-2014000212413-166118,rideHailVehicle-1002-2012001254838-224921,60.0
64998.0,1106-2012000401040-28142,rideHailVehicle-1002-2013000438496-040710,60.0
64998.0,1106-2013000226280-034893,rideHailVehicle-1106-2014000125384-364277,60.0
64998.0,1106-2015000804471-3108064,rideHailVehicle-1106-2013000226280-134823,60.0
64998.0,1106-2016000069252-1126414,rideHailVehicle-1106-2012000089288-01751,60.0
65047.0,100-2012000372616-07448,rideHailVehicle-300-2012000816252-016169,80.0
65047.0,100-2016001216686-0151336,rideHailVehicle-300-2012001252949-024374,80.0
64991.0,10405-2012001067422-021806,rideHailVehicle-10405-2013001219485-056046,344.0
65200.0,1108-2013000641521-045653,rideHailVehicle-1108-2015001059501-0115193,4.0
65298.0,10600-2016001178626-0150154,rideHailVehicle-1600-2012000566763-111488,35.0
65079.0,500-2015001219743-0118445,rideHailVehicle-500-2014000053367-162077,372.0
65392.0,201-2014001087840-084434,rideHailVehicle-201-2015000134451-093488,20.0
65455.0,10104-2015000969061-0113310,rideHailVehicle-10104-2014000358619-269193,32.0
65459.0,700-2016001407958-0154556,rideHailVehicle-700-2015001440276-0123143,33.0
65493.0,10104-2016000246130-2130104,rideHailVehicle-10104-2013001478005-160288,51.0
65525.0,1106-2016000364640-1132462,rideHailVehicle-1106-2013000890503-049542,106.0
65525.0,1002-2016000482844-0136177,rideHailVehicle-1106-2013000226280-134965,106.0
65525.0,1106-2016000829745-0144591,rideHailVehicle-1106-2015000213571-195575,106.0
65525.0,1106-2013000226280-035035,rideHailVehicle-1106-2016001293033-0153551,106.0
65525.0,1106-2016000069252-1126582,rideHailVehicle-1106-2013000780914-047971,106.0
65434.0,202-2013001200076-055579,rideHailVehicle-202-2013000280546-136430,336.0
65664.0,900-2015000046865-092269,rideHailVehicle-202-2014000053367-062177,44.0
65638.0,900-2012000963809-019571,rideHailVehicle-202-2014000032166-061393,41.0
65722.0,700-2013000280546-236673,rideHailVehicle-700-2012001372968-027122,77.0
65736.0,1002-2016000772838-1143505,rideHailVehicle-900-2016000772838-1143323,26.0
65810.0,1902-2015000839944-0110282,rideHailVehicle-1901-2014001213505-087724,29.0
65936.0,900-2014000730190-076368,rideHailVehicle-900-2015001291004-0120123,2.0
66092.0,201-2012000566763-111448,rideHailVehicle-900-2016001368397-0153924,8.0
66085.0,10104-2016001407958-2154602,rideHailVehicle-10104-2014000951716-580595,51.0
66052.0,1002-2015000949415-0113002,rideHailVehicle-1002-2015000766477-0106285,106.0
66052.0,1106-2014000113616-563857,rideHailVehicle-1001-2013000532687-242784,106.0
66052.0,1106-2015000272688-096380,rideHailVehicle-1106-2016000364640-1132506,106.0
66052.0,1106-2013001307359-157467,rideHailVehicle-900-2015000102574-093027,106.0
66052.0,1106-2016000829745-0144580,rideHailVehicle-1106-2015001345452-0121585,106.0
66052.0,1106-2014000537083-073144,rideHailVehicle-1106-2012000429510-19037,106.0
66052.0,1002-2016000116811-1127837,rideHailVehicle-1002-2014001331845-189492,176.0
66122.0,1002-2015000557350-1101206,rideHailVehicle-1200-2015000732389-1105746,32.0
65986.0,700-2016001407958-0154619,rideHailVehicle-700-2016000029416-0125169,315.0
66186.0,401-2013000532687-043086,rideHailVehicle-407-2015001165446-0117479,72.0
66259.0,700-2012001118760-022749,rideHailVehicle-700-2013001307423-057538,52.0
66358.0,10104-2015000804471-1108030,rideHailVehicle-10104-2014001160693-085884,3.0
66379.0,10401-2013000703547-047059,rideHailVehicle-1804-2014000561422-073825,23.0
66401.0,201-2016000510160-0136721,rideHailVehicle-700-2016000699058-0141668,198.0
66535.0,408-2015000895578-0112077,rideHailVehicle-408-2015000399196-099102,0.0
66579.0,1106-2014000053367-762343,rideHailVehicle-1106-2016000829745-0144569,61.0
66579.0,1106-2014001122037-085224,rideHailVehicle-1106-2013000226280-034822,61.0
66579.0,1106-2013001492343-160811,rideHailVehicle-1106-2014000113616-563513,61.0
66579.0,1106-2014000113616-563943,rideHailVehicle-1106-2014000212413-166190,61.0
66284.0,1902-2012001064755-021620,rideHailVehicle-10104-2013000532687-443065,535.0
66579.0,1106-2016000069252-1126498,rideHailVehicle-1001-2014001175351-086522,304.0
66806.0,1804-2016000559873-1138440,rideHailVehicle-1902-2015000958106-0113053,50.0
66875.0,202-2013000280546-136652,rideHailVehicle-1002-2012001250298-024348,124.0
66941.0,700-2012000816252-015986,rideHailVehicle-700-2012000442733-09443,35.0
66924.0,201-2014000113616-063646,rideHailVehicle-600-2016001273891-0153393,65.0
67102.0,1200-2014000869030-078933,rideHailVehicle-500-2016000550401-1138058,51.0
67071.0,300-2014000585174-174351,rideHailVehicle-406-2013000369969-038529,72.0
67106.0,1106-2014000113616-563685,rideHailVehicle-1106-2013000293337-237107,61.0
67106.0,1106-2015000795744-0107830,rideHailVehicle-1002-2013000211454-034669,61.0
67156.0,300-2015001162246-1117012,rideHailVehicle-300-2012000873181-017908,56.0
67370.0,600-2016000012225-1124697,rideHailVehicle-600-2016001232300-0152511,26.0
67547.0,300-2014000849408-078273,rideHailVehicle-300-2013000419803-140057,28.0
67540.0,201-2014000947834-080538,rideHailVehicle-201-2014001013559-082377,68.0
67589.0,408-2013000377800-239083,rideHailVehicle-408-2014001353874-089878,36.0
67567.0,201-2016000676140-0141145,rideHailVehicle-202-2015001264337-0119500,81.0
67578.0,500-2013001157196-054607,rideHailVehicle-1600-2012000493995-010046,85.0
67708.0,700-2016001407958-1154557,rideHailVehicle-700-2012000987013-020341,12.0
67633.0,1002-2016000482844-0136190,rideHailVehicle-1002-2015000879933-0111690,154.0
67633.0,1106-2012000089288-01751,rideHailVehicle-1001-2014000596551-074738,154.0
67621.0,1600-2013001034691-052360,rideHailVehicle-1600-2013000438496-040907,220.0
67621.0,1600-2013001034691-052287,rideHailVehicle-1600-2013001394719-358858,220.0
67621.0,1600-2013001034691-052433,rideHailVehicle-500-2012001048206-021041,220.0
67738.0,500-2012001464904-029270,rideHailVehicle-500-2012000634858-112690,80.0
67936.0,408-2015001219743-1118371,rideHailVehicle-401-2015000628621-1103067,36.0
68003.0,1700-2014000987574-081110,rideHailVehicle-406-2015000688647-0104206,32.0
68040.0,1002-2013000359041-238229,rideHailVehicle-1002-2014001139730-185444,67.0
68116.0,408-2015000128096-093366,rideHailVehicle-408-2015000759098-0105868,36.0
68103.0,100-2015000213571-095685,rideHailVehicle-500-2013000620807-045162,250.0
68351.0,201-2013001034691-052247,rideHailVehicle-900-2015001291004-0120123,6.0
68351.0,201-2013001034691-052320,rideHailVehicle-900-2015000727153-1105528,6.0
68160.0,1106-2016000364640-1132594,rideHailVehicle-1001-2012000444431-09482,304.0
68160.0,1002-2015000949415-0112933,rideHailVehicle-1106-2012001365754-226912,304.0
68505.0,1600-2015000850269-0110631,rideHailVehicle-1600-2015000875080-1111488,131.0
68499.0,202-2016000267720-0131260,rideHailVehicle-202-2016000155763-0128395,124.0
68179.0,201-2014001281447-088711,rideHailVehicle-201-2012000281261-05855,497.0
68630.0,1101-2012000544482-010841,rideHailVehicle-1200-2016000836708-0144900,31.0
68856.0,1001-2016001487612-0156944,rideHailVehicle-1002-2015000879933-0111738,58.0
68856.0,1001-2016001487612-0157322,rideHailVehicle-10405-2015000087715-092868,58.0
68873.0,300-2013000570002-043732,rideHailVehicle-300-2012000903731-018299,72.0
68899.0,201-2013000914558-150228,rideHailVehicle-201-2016000264178-0131049,65.0
68954.0,900-2015000726028-1105342,rideHailVehicle-202-2014000053367-062177,32.0
68687.0,1106-2012000401040-28243,rideHailVehicle-1002-2013000377800-139098,421.0
68546.0,10600-2015000804471-0108092,rideHailVehicle-1901-2014000113616-063537,620.0
68546.0,10600-2012000089288-01802,rideHailVehicle-10104-2015001391700-2122446,620.0
69032.0,1600-2015000850269-0110587,rideHailVehicle-1600-2014000858265-078488,44.0
69032.0,201-2014000113616-063818,rideHailVehicle-201-2014001013559-082377,65.0
69214.0,1002-2016000510160-1136742,rideHailVehicle-1106-2014001169422-186238,61.0
69251.0,900-2014000113616-163840,rideHailVehicle-1002-2016001487612-0157071,13.0
69214.0,1106-2013000226280-034964,rideHailVehicle-1001-2013000532687-242616,61.0
69686.0,1101-2015001219743-0118383,rideHailVehicle-1101-2013000416193-039947,43.0
69686.0,1101-2012001382026-027411,rideHailVehicle-1101-2012000566763-011398,43.0
69702.0,500-2015001311731-0120614,rideHailVehicle-405-2014000174501-065262,58.0
69837.0,1500-2015001311731-1120728,rideHailVehicle-10600-2013001328389-057922,37.0
69837.0,1500-2015001311731-1120632,rideHailVehicle-1500-2016001216686-0151395,37.0
69525.0,10600-2016000770035-0143206,rideHailVehicle-1500-2014000665701-075789,620.0
70176.0,1803-2014000182228-065711,rideHailVehicle-10104-2014000951716-580595,29.0
70088.0,401-2015000301668-096977,rideHailVehicle-401-2012001113023-022533,175.0
70176.0,1803-2016000829228-0144528,rideHailVehicle-1500-2016000988089-0147648,29.0
70256.0,401-2012000882767-018014,rideHailVehicle-700-2016000364640-0132498,9.0
70123.0,202-2013000280546-136541,rideHailVehicle-202-2014001002756-082080,124.0
70435.0,201-2013001492343-060837,rideHailVehicle-700-2012000963809-419012,5.0
70613.0,201-2014000113616-063904,rideHailVehicle-201-2015001238136-0119128,65.0
70268.0,1106-2014000113616-563771,rideHailVehicle-1002-2013000377800-138738,547.0
70268.0,1106-2015000837069-0110057,rideHailVehicle-1002-2015001081426-0115627,547.0
70858.0,1002-2014000308169-068851,rideHailVehicle-201-2013000079403-031203,76.0
70978.0,700-2016000250854-0130588,rideHailVehicle-1500-2013000564255-143681,31.0
71048.0,1901-2015000207675-095148,rideHailVehicle-1901-2016000155763-0128531,26.0
71003.0,201-2013000280546-136427,rideHailVehicle-900-2016001368397-0153924,230.0
71571.0,405-2012000478993-09911,rideHailVehicle-1700-2014000987574-081414,14.0
71684.0,1600-2013001097023-053446,rideHailVehicle-1700-2014001045407-083091,32.0
71684.0,1600-2016000116811-0127745,rideHailVehicle-1700-2015001219743-0118329,32.0
71776.0,1106-2015000810401-3108631,rideHailVehicle-1107-2015000362210-097905,59.0
71801.0,300-2014001002756-082081,rideHailVehicle-300-2012000816252-016025,52.0
71919.0,1600-2016000069252-0126596,rideHailVehicle-10600-2016000905283-0146190,21.0
71939.0,401-2016000069252-0126384,rideHailVehicle-408-2016001407958-0154615,3.0
71954.0,1106-2012000662466-413492,rideHailVehicle-1002-2012001254838-224636,69.0
71954.0,1002-2016000510160-1136669,rideHailVehicle-1106-2012000662466-413492,69.0
71954.0,1106-2016000364640-1132638,rideHailVehicle-1002-2014001362578-090243,69.0
71954.0,1106-2015000542370-2100939,rideHailVehicle-1106-2015000272688-096380,69.0
72160.0,900-2015000046865-092295,rideHailVehicle-1002-2013001348757-058067,21.0
71794.0,10600-2016001178626-0150174,rideHailVehicle-1902-2014000438320-070300,620.0
71794.0,10600-2012000089288-01765,rideHailVehicle-1500-2013001424451-059550,620.0
72318.0,408-2015001219743-1118517,rideHailVehicle-408-2015000399196-099148,28.0
72411.0,1001-2015000157314-094210,rideHailVehicle-1002-2013000438496-040968,28.0
72411.0,1001-2016001487612-0157007,rideHailVehicle-1001-2015000804471-0108125,28.0
72485.0,500-2013000532687-042936,rideHailVehicle-1700-2014000863087-078596,33.0
72501.0,1801-2013001470309-060219,rideHailVehicle-1901-2013000190262-034028,44.0
72623.0,10401-2013000258802-035829,rideHailVehicle-1803-2013001029016-052032,20.0
72620.0,300-2012001067422-021779,rideHailVehicle-100-2015000306203-097173,18.0
72761.0,202-2015001162246-1117118,rideHailVehicle-202-2016001459467-0156276,292.0
72949.0,10600-2016001216686-0151330,rideHailVehicle-10600-2012000089288-01802,77.0
73204.0,1200-2016000069252-0126591,rideHailVehicle-202-2013000258802-035711,78.0
73413.0,201-2014000224796-066554,rideHailVehicle-201-2015000210255-095407,40.0
73458.0,1600-2014001394187-090689,rideHailVehicle-1801-2012000354056-17274,51.0
73407.0,1106-2012000429510-19037,rideHailVehicle-201-2015000542370-0100876,165.0
73434.0,700-2012000987013-020297,rideHailVehicle-900-2012000401040-18330,169.0
73418.0,10600-2016001178626-0150194,rideHailVehicle-1500-2014001249091-088289,293.0
73578.0,1106-2014000212413-166118,rideHailVehicle-1106-2015000373339-198182,69.0
73578.0,1002-2016000116811-1127964,rideHailVehicle-1106-2016001449407-0155820,69.0
73578.0,1106-2014000994591-081892,rideHailVehicle-1106-2014001033050-182823,69.0
73578.0,1106-2014001122037-085150,rideHailVehicle-1106-2015000875080-0111467,69.0
73578.0,1002-2016000482844-0136164,rideHailVehicle-1106-2013000293337-236975,69.0
73578.0,1106-2012000401040-28142,rideHailVehicle-1106-2015000373339-198226,69.0
73578.0,1106-2015001231997-1119105,rideHailVehicle-1002-2014000901104-179681,69.0
73578.0,1106-2016000364640-1132682,rideHailVehicle-1106-2014000125384-364277,69.0
73578.0,1106-2014000561422-173817,rideHailVehicle-1106-2015001146120-0116655,69.0
73578.0,1106-2014001033050-182856,rideHailVehicle-1002-2013000438496-040710,69.0
73578.0,1106-2014000053367-762225,rideHailVehicle-1002-2014001493901-091551,69.0
73578.0,1106-2016000364640-1132506,rideHailVehicle-1002-2012001254838-224921,69.0
73578.0,1106-2015000272688-096373,rideHailVehicle-1002-2016000482844-0136164,69.0
73578.0,1106-2012000401040-28344,rideHailVehicle-1106-2012000169809-13279,69.0
73578.0,1106-2013001307359-157505,rideHailVehicle-1106-2012000089288-01751,69.0
73578.0,1106-2016000364640-1132550,rideHailVehicle-1106-2016000927549-1146510,69.0
73578.0,1106-2015000837069-0109969,rideHailVehicle-1002-2014001118901-084985,69.0
73578.0,1106-2015001231997-1119062,rideHailVehicle-1002-2015000935346-0112657,69.0
73578.0,1106-2014000212413-166262,rideHailVehicle-1002-2014001362578-090203,69.0
73578.0,1106-2014000994591-081943,rideHailVehicle-1106-2015000804471-3107920,69.0
73578.0,1002-2016000510160-1136596,rideHailVehicle-1106-2014000093171-163129,69.0
73578.0,1002-2016000116811-1127710,rideHailVehicle-1002-2015000189392-294865,69.0
73578.0,1106-2015000804471-3108064,rideHailVehicle-1106-2013000890503-049564,69.0
73578.0,1106-2013000226280-034893,rideHailVehicle-1002-2012000797087-015353,69.0
73578.0,1106-2016000069252-1126414,rideHailVehicle-1106-2013000226280-134823,69.0
73578.0,1106-2014000561422-173850,rideHailVehicle-1001-2014001175351-086444,69.0
73578.0,1106-2013000890503-049564,rideHailVehicle-1002-2016001121006-0149491,69.0
73659.0,1901-2014000536339-073050,rideHailVehicle-10600-2016000479494-0135993,90.0
73708.0,202-2016001407958-0154607,rideHailVehicle-202-2012000311610-06146,103.0
73569.0,10405-2016000420812-0134528,rideHailVehicle-202-2013000280546-136430,242.0
73999.0,1108-2013000641521-045653,rideHailVehicle-1108-2015001059501-0115193,13.0
74052.0,201-2014000113616-063646,rideHailVehicle-600-2016001273891-0153393,9.0
74074.0,500-2013001157196-054553,rideHailVehicle-401-2012001113023-022533,21.0
74036.0,201-2014000947834-080436,rideHailVehicle-201-2015001028643-0114689,120.0
74008.0,1902-2012000836407-016921,rideHailVehicle-1901-2016000614752-0139495,299.0
74109.0,202-2013001200076-055579,rideHailVehicle-10405-2012001067422-021695,126.0
74213.0,1200-2016000378294-0132957,rideHailVehicle-1101-2013000145970-032668,44.0
74232.0,1901-2013000994680-051429,rideHailVehicle-1600-2014001093569-184609,90.0
74478.0,10104-2016000819398-0144321,rideHailVehicle-10104-2015000290126-196655,3.0
74385.0,202-2012000923823-018515,rideHailVehicle-700-2015000578512-0101510,291.0
74385.0,202-2016000267720-0131226,rideHailVehicle-10405-2016000267720-0131286,291.0
74515.0,1902-2016001487612-1157352,rideHailVehicle-1901-2014001213505-087724,58.0
74590.0,401-2013000532687-042750,rideHailVehicle-408-2015000759098-0105910,27.0
74817.0,700-2015000542370-0100930,rideHailVehicle-700-2014000401392-069965,5.0
75031.0,1700-2012001382026-027421,rideHailVehicle-500-2016001048510-0148334,33.0
75048.0,1804-2013001099005-153595,rideHailVehicle-1902-2015000958106-0113053,29.0
75037.0,1700-2015001219743-0118548,rideHailVehicle-1700-2012001382026-027341,32.0
75134.0,300-2015001250406-0119291,rideHailVehicle-300-2012001331164-025877,15.0
75192.0,1804-2016000559873-1138440,rideHailVehicle-1500-2012000434530-19193,11.0
75205.0,201-2014001087840-084434,rideHailVehicle-201-2015000134451-093488,21.0
75202.0,1106-2016000069252-1126582,rideHailVehicle-1106-2016001293033-0153551,69.0
75202.0,1106-2016000364640-1132462,rideHailVehicle-1106-2013000226280-134965,69.0
75234.0,1700-2012000559396-011298,rideHailVehicle-401-2012001113023-022533,72.0
75202.0,1106-2013000226280-035035,rideHailVehicle-1106-2013000780914-047971,69.0
75202.0,1106-2016000829745-0144591,rideHailVehicle-1106-2013000890503-049542,69.0
75202.0,1002-2016000482844-0136177,rideHailVehicle-1106-2015000213571-195575,69.0
75234.0,1700-2012000559396-011086,rideHailVehicle-1600-2012000493995-010046,72.0
75659.0,1001-2016000987597-0147601,rideHailVehicle-1002-2015001369519-0121981,28.0
75675.0,408-2015000187968-094597,rideHailVehicle-401-2015001275570-0119889,27.0
75703.0,1801-2013000287282-136855,rideHailVehicle-10104-2013001478005-160288,33.0
76010.0,1200-2014000869030-079022,rideHailVehicle-1001-2015000401067-099302,13.0
76211.0,100-2012000372616-07448,rideHailVehicle-300-2015000784380-0106836,18.0
76211.0,100-2016001216686-0151336,rideHailVehicle-100-2016000012225-1124499,18.0
76342.0,1803-2014001194700-087243,rideHailVehicle-1803-2016000008218-0124383,20.0
76469.0,1002-2014000533554-072876,rideHailVehicle-900-2016000772838-1143323,16.0
76672.0,1804-2015000367198-098095,rideHailVehicle-1500-2015001443628-0123256,29.0
76728.0,700-2016001407958-1154557,rideHailVehicle-700-2012000987013-020341,0.0
76705.0,300-2013000895447-149727,rideHailVehicle-100-2014000488669-071634,139.0
76858.0,1700-2012000559396-011351,rideHailVehicle-1600-2016001091548-1148848,109.0
76826.0,1002-2015000949415-0113002,rideHailVehicle-1002-2015000766477-0106285,69.0
76826.0,1106-2014000537083-073144,rideHailVehicle-1001-2013000532687-242784,69.0
76826.0,1002-2016000116811-1127837,rideHailVehicle-1106-2012000429510-19037,69.0
76826.0,1106-2013001307359-157467,rideHailVehicle-900-2015000102574-093027,69.0
76826.0,1106-2016000829745-0144580,rideHailVehicle-1106-2015001345452-0121585,69.0
76858.0,1700-2012000559396-011245,rideHailVehicle-1600-2016001082300-0148484,109.0
76826.0,1106-2014000113616-563857,rideHailVehicle-1106-2016000364640-1132506,69.0
76826.0,1106-2015000272688-096380,rideHailVehicle-1002-2014001331845-189492,69.0
76875.0,900-2014000730190-076368,rideHailVehicle-201-2013001480820-060443,83.0
76901.0,1801-2013001470309-060219,rideHailVehicle-1901-2013000994680-051429,16.0
76892.0,700-2012000816252-015986,rideHailVehicle-500-2016000456810-0135215,25.0
76987.0,201-2012000164709-03115,rideHailVehicle-700-2013000377800-238850,44.0
77078.0,700-2012001118760-022749,rideHailVehicle-900-2014001023351-082496,137.0
77190.0,408-2015000895578-0112077,rideHailVehicle-408-2015000399196-099102,28.0
77299.0,408-2012001189763-023735,rideHailVehicle-408-2016000833173-0144609,27.0
77299.0,408-2015000128096-093321,rideHailVehicle-408-2013000377800-238843,27.0
77484.0,10401-2015000804471-0108161,rideHailVehicle-401-2016001437406-0155382,36.0
77474.0,700-2013000280546-236673,rideHailVehicle-700-2012001372968-027122,31.0
77543.0,500-2015001219743-0118518,rideHailVehicle-500-2013001157196-054607,33.0
77616.0,201-2012000221226-04628,rideHailVehicle-700-2012000963809-419384,21.0
77580.0,900-2012000963809-019571,rideHailVehicle-700-2014000401392-069965,240.0
77794.0,1700-2014001058472-083593,rideHailVehicle-405-2013000062460-030803,109.0
77903.0,10104-2016001407958-2154602,rideHailVehicle-10600-2013000902944-049996,29.0
78019.0,700-2016001407958-0154556,rideHailVehicle-700-2015000399196-099105,21.0
78110.0,408-2015001219743-1118371,rideHailVehicle-401-2015000628621-1103067,18.0
78030.0,1101-2014000730190-076371,rideHailVehicle-900-2012000768371-015078,20.0
78122.0,10600-2014001194700-087247,rideHailVehicle-10600-2015001024517-0114600,1.0
78251.0,10401-2014001171812-086335,rideHailVehicle-1500-2015001314717-4121009,62.0
78297.0,300-2012001193408-023806,rideHailVehicle-700-2013001307423-057538,111.0
78450.0,1106-2014000113616-563943,rideHailVehicle-1106-2014000113616-563513,69.0
78450.0,1106-2014000053367-762343,rideHailVehicle-1106-2013000226280-034822,69.0
78450.0,1106-2014001122037-085224,rideHailVehicle-1106-2014000212413-166190,69.0
78450.0,1106-2016000069252-1126498,rideHailVehicle-1001-2014001175351-086522,69.0
78450.0,1106-2013001492343-160811,rideHailVehicle-1106-2016000829745-0144569,69.0
78482.0,1700-2012000559396-011192,rideHailVehicle-1700-2015000795744-0107632,109.0
78580.0,202-2016001407958-0154544,rideHailVehicle-202-2016001407958-0154481,109.0
78774.0,900-2016000267720-0131270,rideHailVehicle-700-2012000987013-020209,71.0
79324.0,10104-2015000969061-0113310,rideHailVehicle-1902-2013001135090-053903,75.0
79462.0,401-2013000532687-043086,rideHailVehicle-300-2016000510160-1136725,27.0
79369.0,300-2015001225649-0118864,rideHailVehicle-300-2012001067422-021705,170.0
79567.0,10104-2016000246130-2130104,rideHailVehicle-1803-2013001029016-052032,33.0
79643.0,700-2016001407958-0154619,rideHailVehicle-700-2014000224796-066484,21.0
79708.0,700-2016000645198-0140315,rideHailVehicle-700-2015000087715-092851,63.0
79913.0,1002-2013000359041-238229,rideHailVehicle-1002-2014001139730-185515,24.0
79902.0,1600-2015000850269-0110631,rideHailVehicle-1600-2015000875080-1111488,74.0
79731.0,1500-2012000734635-014460,rideHailVehicle-1500-2014001459793-191456,358.0
80074.0,1106-2014000113616-563685,rideHailVehicle-1106-2013000293337-237107,69.0
80074.0,1106-2015000795744-0107830,rideHailVehicle-1002-2013000211454-034669,69.0
80106.0,1700-2012000559396-011139,rideHailVehicle-700-2016000250854-0130676,109.0
80317.0,600-2016000012225-1124697,rideHailVehicle-700-2012000855549-017685,70.0
80438.0,408-2013000377800-239083,rideHailVehicle-408-2014001353874-089878,28.0
80548.0,201-2014000113616-063818,rideHailVehicle-700-2012000987013-020341,9.0
80791.0,500-2015001219743-0118445,rideHailVehicle-500-2014000053367-162077,33.0
80834.0,1600-2013001034691-052287,rideHailVehicle-1600-2014000858265-078488,3.0
80834.0,1600-2013001034691-052360,rideHailVehicle-500-2014000448294-070531,3.0
80834.0,1600-2013001034691-052433,rideHailVehicle-1700-2014000119219-064126,3.0
81395.0,300-2014000849408-078273,rideHailVehicle-300-2012000873181-017908,50.0
81526.0,1600-2015000850269-0110587,rideHailVehicle-1700-2016000086561-0126860,125.0
81698.0,1106-2012000089288-01751,rideHailVehicle-1002-2015000879933-0111690,69.0
81698.0,1002-2016000482844-0136190,rideHailVehicle-1001-2014000596551-074738,69.0
82062.0,408-2015000128096-093366,rideHailVehicle-408-2015000759098-0105868,28.0
82048.0,100-2012000372616-07417,rideHailVehicle-300-2012001252949-024374,198.0
82506.0,1200-2014000869030-078933,rideHailVehicle-500-2016000550401-1138058,13.0
82969.0,1801-2013000287282-136855,rideHailVehicle-1803-2013001307359-057475,62.0
82965.0,1002-2016000772838-1143505,rideHailVehicle-1002-2015000879933-0111738,16.0
83137.0,500-2015001311731-0120614,rideHailVehicle-405-2014000174501-065262,17.0
83279.0,1001-2016001487612-0156944,rideHailVehicle-10405-2015000087715-092868,16.0
83279.0,1001-2016001487612-0157322,rideHailVehicle-1002-2013001348757-058067,16.0
83322.0,1106-2016000364640-1132594,rideHailVehicle-1106-2012001365754-226912,69.0
83322.0,1002-2015000949415-0112933,rideHailVehicle-1001-2012000444431-09482,69.0
83456.0,1101-2012001382026-027411,rideHailVehicle-1101-2014000561422-073748,32.0
83456.0,1101-2015001219743-0118383,rideHailVehicle-10600-2016001043314-0148193,32.0
83597.0,300-2014000585174-174351,rideHailVehicle-406-2013000369969-038529,96.0
83959.0,201-2013000914558-150228,rideHailVehicle-700-2012001325614-025728,103.0
84556.0,401-2015000301668-096977,rideHailVehicle-406-2012000353261-26811,80.0
84946.0,1106-2012000401040-28243,rideHailVehicle-1002-2013000377800-139098,69.0
85341.0,900-2015000726028-1105342,rideHailVehicle-202-2014000053367-062177,17.0
85420.0,201-2014000113616-063904,rideHailVehicle-201-2014001013559-082377,9.0
86400.0,300-2013000570002-043732,rideHailVehicle-300-2012000903731-018299,39.0
86400.0,1002-2016000510160-1136742,rideHailVehicle-1001-2013000532687-242616,69.0
86400.0,1106-2015000837069-0110057,rideHailVehicle-1106-2014001169422-186238,69.0
86400.0,1106-2013000226280-034964,rideHailVehicle-1002-2013000377800-138738,69.0
86400.0,1106-2014000113616-563771,rideHailVehicle-1002-2015001081426-0115627,69.0
